alpha_news_amount,amount_news_ceo,analyst_target_price,beta,close,cpi,currency_exchange_rate,day_moving_average_200,day_moving_average_50,diluted_eps_ttm,eps,ev_to_ebitda,ev_to_revenue,forward_pe,high,low,market_capitalization,mean_price,news_sentiment_mean,open,pe_ratio,peg_ratio,price_change_1,price_change_3,price_to_book_ratio,price_to_sales_ratio_ttm,real_gdp,retail_sales,sentiment_ceo,sentiment_name,trailing_pe,volume,week_high_52,week_low_52,weekday,target
11,2,569.7,1.324,585.2,307.789,150.751,448.09,537.79,11.14,11.8,22.68,9.13,22.22,589.0,568.81,266441572000,577.9549999999999,0.1284465454545454,568.81,52.53,1.481,1.0,0.0,10.99,8.89,5633.594,592660.0,0.1623417258262634,-0.1662129859129587,52.53,3993621,589.0,317.87,1,1.69671514218237
7,1,569.7,1.324,585.31,307.789,151.094,448.09,537.79,11.14,11.8,22.68,9.13,22.22,595.665,581.07,266441572000,587.76125,0.1796798571428571,589.0,52.53,1.481,1.0169671514218237,0.0,10.99,8.89,5633.594,592660.0,0.0,0.0,52.53,3079173,595.67,318.6,2,-0.8258029939877787
3,0,569.7,1.324,577.74,307.789,151.439,450.31,539.79,11.1,11.8,22.68,9.13,22.22,590.04,576.34,263045022000,582.9075,0.0223956666666666,587.51,52.05,1.481,0.9917419700601222,0.0,10.99,8.89,5633.594,592660.0,0.0,0.0,52.05,2336580,595.67,318.6,3,0.8672044878475393
8,0,569.7,1.324,597.22,307.789,151.512,451.4,540.43,11.11,11.8,22.68,9.13,22.22,598.135,576.005,271914254000,587.9625,0.2471944999999999,580.49,53.76,1.481,1.0086720448784754,1.0173153619226412,10.99,8.89,5633.594,592660.0,0.0,-0.2431088089942932,53.76,3064510,598.13,318.6,4,0.0
2,0,569.7,1.324,597.22,307.789,151.512,451.4,540.43,11.11,11.8,22.68,9.13,22.22,598.135,576.005,271914254000,587.9625,0.116458,580.49,53.76,1.481,1.0,1.0003424009323514,10.99,8.89,5633.594,592660.0,0.0,0.3749590665102005,53.76,3064510,598.14,318.6,5,0.0
1,0,569.7,1.324,597.22,307.789,151.807,452.56,541.19,11.11,11.8,22.68,9.13,22.22,598.135,576.005,271914254000,587.9625,-0.002413,580.49,53.76,1.481,1.0,1.0086720448784754,10.99,8.89,5633.594,592660.0,0.2511594742536545,0.1259044334292411,53.76,3064510,598.14,318.6,6,0.25894508578354625
8,0,569.7,1.324,590.34,307.789,151.582,452.56,541.19,11.11,11.8,22.68,9.13,22.22,594.26,583.36,271914254000,589.485,0.2044046249999999,589.98,53.76,1.481,1.0025894508578355,1.0025894508578355,10.99,8.89,5633.594,592660.0,0.0,0.1014212131500244,53.76,2505111,598.14,318.6,0,2.574068890641823
10,0,613.14,1.324,604.33,307.671,150.552,453.66,541.74,11.12,11.8,22.68,9.13,22.22,613.705,599.04,275151454000,604.6587499999999,0.2056445,601.56,54.35,1.481,1.0257406889064182,1.0283967940132235,10.99,8.89,5633.594,592660.0,0.0,-0.1490181485811869,54.35,2884917,613.71,318.6,1,-0.8601959369644363
3,1,613.14,1.324,595.31,307.671,151.277,453.66,541.74,11.12,11.8,22.68,9.13,22.22,605.73,591.79,275151454000,599.4575,0.2149466666666667,605.0,54.35,1.481,0.9913980406303556,1.0195505665752493,10.99,8.89,5633.594,608839.0,0.0,0.0,54.35,3088889,613.71,318.6,2,-0.12135972942201034
3,0,566.76,1.324,602.06,307.671,149.606,457.08,544.02,11.14,11.8,22.68,9.13,22.22,605.27,592.14,274117919000,598.73,0.238221,595.45,54.04,1.481,0.9987864027057799,1.0156831810817917,10.99,8.89,5633.594,608839.0,0.0,0.0,54.04,2040415,613.71,318.6,3,0.49604579693685036
4,0,616.54,1.324,602.66,307.671,149.639,458.13,544.87,11.15,11.8,22.68,9.13,22.22,605.0499,597.02,274391089000,601.699975,0.15070275,602.07,54.05,1.481,1.0049604579693685,0.9951067027476242,10.99,8.89,5633.594,608839.0,0.07277878622214,0.04851919081476,54.05,1969358,613.71,318.6,4,0.0
2,1,616.54,1.324,602.66,307.671,149.639,458.13,544.87,11.15,11.8,22.68,9.13,22.22,605.0499,597.02,274391089000,601.699975,0.1536565,602.07,54.05,1.481,1.0,1.0037408406767787,10.99,8.89,5633.594,608839.0,0.0,0.0013864288727442,54.05,1969358,613.71,318.6,5,0.0
2,0,568.04,1.324,602.66,307.671,148.415,458.13,544.87,11.15,11.8,22.68,9.13,22.22,605.0499,597.02,274391089000,601.699975,0.0903375,602.07,54.05,1.481,1.0,1.0049604579693685,10.99,8.89,5633.594,608839.0,0.5,0.0505713284015655,54.05,1969358,613.71,318.6,6,1.2427331412137699
5,0,616.54,1.324,612.7,307.671,147.706,458.13,544.87,11.15,11.8,22.68,9.13,22.22,614.2,604.5,274391089000,609.1775,0.1265586,605.31,54.05,1.481,1.0124273314121377,1.0124273314121377,10.99,8.89,5633.594,608839.0,0.0,0.0,54.05,2394373,614.2,318.6,0,0.30800136249287124
7,0,564.69,1.324,610.99,307.671,149.096,458.13,544.87,11.09,11.8,22.68,9.13,22.22,615.565,607.0301,278962307000,611.0537750000001,0.1912229999999999,610.63,55.25,1.481,1.0030800136249287,1.0155456213871374,10.99,8.89,5633.594,608839.0,0.4979321360588074,0.3325651486714681,55.25,1906155,615.57,318.6,1,1.2488671721240685
6,0,565.27,1.324,619.72,307.671,149.208,460.48,547.21,11.12,11.8,22.68,9.13,22.22,624.38,614.0101,278183739000,618.685025,0.2334406666666667,616.63,54.95,1.481,1.0124886717212407,1.028228437270585,10.99,8.89,5633.594,608839.0,0.0,0.0,54.95,2064968,624.38,318.6,2,0.0
3,0,563.26,1.324,619.72,307.671,149.589,460.48,547.21,11.09,11.8,22.68,9.13,22.22,624.38,614.0101,282158498000,618.685025,0.223516,616.63,55.88,1.481,1.0,1.0156071506252282,10.99,8.89,5633.594,608839.0,0.0,0.0,55.88,2064968,624.38,318.6,3,-0.24285782575713677
6,0,616.54,1.324,619.43,307.671,149.396,461.66,548.53,11.09,11.8,22.68,9.13,22.22,619.44,613.6,282158498000,617.1825,0.2839421666666666,616.26,55.88,1.481,0.9975714217424286,1.0100297637470612,10.99,8.89,5633.594,608839.0,0.0,0.0,55.88,942673,624.38,318.6,4,0.0
4,0,616.54,1.324,619.43,307.671,149.396,461.66,548.53,11.15,11.8,22.68,9.13,22.22,619.44,613.6,282026476000,617.1825,0.140199,616.26,55.55,1.481,1.0,0.9975714217424286,10.99,8.89,5633.594,608839.0,0.0,0.0,55.55,942673,624.38,318.6,5,0.0
3,0,565.31,1.324,619.43,307.671,149.298,462.86,549.88,11.15,11.8,22.68,9.13,22.22,619.44,613.6,282026476000,617.1825,0.1962536666666666,616.26,55.55,1.481,1.0,0.9975714217424286,10.99,8.89,5633.594,608839.0,0.0,0.2161436751484871,55.55,942673,624.38,318.6,6,0.3947009190960582
10,0,565.31,1.324,619.27,307.671,148.534,462.86,549.88,11.15,11.8,22.68,9.13,22.22,625.8341,614.57,282026476000,619.618525,0.231163,618.8,55.55,1.481,1.0039470091909606,1.0039470091909606,10.99,8.89,5633.594,608839.0,0.0,0.0,55.55,1854409,625.83,318.6,0,-0.13391707421915866
5,0,563.02,1.324,623.32,307.671,147.455,464.08,551.69,11.15,11.8,22.68,9.13,22.22,625.6,612.26,281953632000,618.78875,0.1238278,613.975,55.54,1.481,0.9986608292578084,1.0026025527295412,10.99,8.89,5633.594,608839.0,0.0,0.0,55.54,2302913,625.83,318.6,1,0.5472384557734689
6,0,616.54,1.324,617.39,307.671,147.553,464.08,551.69,11.1,11.8,37.45,14.85,34.72,628.6,616.77,283797586000,622.175,0.1873416666666666,625.94,56.16,2.314,1.0054723845577347,1.0080891794566436,17.99,15.03,5640.366,608839.0,0.0,0.0,56.16,2595632,628.6,318.6,2,-1.2512556756539284
2,0,562.62,1.324,611.01,307.671,147.85,466.55,555.02,11.11,11.8,37.09,14.7,34.36,621.48,605.07,281097667000,614.3900000000001,0.322454,620.0,55.57,2.292,0.9874874432434607,0.9915617032269978,17.82,14.88,5640.366,608839.0,0.0,-0.1308696667353312,55.57,3960309,628.6,318.6,3,-0.7108676899038158
5,0,560.19,1.324,612.47,307.671,146.836,467.72,556.52,11.12,11.8,37.09,14.7,34.36,615.2,603.18,278192849000,610.0225,0.1133059999999999,609.24,54.95,2.292,0.9928913231009618,0.9858332104454064,17.82,14.88,5640.366,608839.0,0.0,0.0,54.95,2490500,628.6,318.6,4,0.0
4,0,561.83,1.324,612.47,307.671,146.836,467.72,556.52,11.14,11.8,37.09,14.7,34.36,615.2,603.18,278857581000,610.0225,0.19662825,609.24,54.98,2.292,1.0,0.9804677140675856,17.82,14.88,5640.366,608839.0,0.0,0.4999706745147705,54.98,2490500,628.6,318.6,5,0.0
3,0,616.54,1.324,612.47,307.671,146.72,468.9,558.49,11.14,11.8,36.79,14.58,34.13,615.2,603.18,278857581000,610.0225,0.1044776666666666,609.24,54.98,2.273,1.0,0.9928913231009618,17.67,14.77,5640.366,608839.0,0.0,0.0,54.98,2490500,628.6,318.6,6,-1.0704523193816762
3,0,616.54,1.335,604.56,307.671,147.068,468.9,558.49,11.14,11.8,36.79,14.58,34.13,608.29,596.21,278912074000,603.4925,0.1337686666666666,604.91,54.98,2.273,0.9892954768061832,0.9892954768061832,17.67,14.77,5640.366,608839.0,0.0,0.0,54.98,2541501,628.6,318.6,0,-0.8728360335878094
8,0,616.54,1.335,602.22,307.671,147.323,468.9,558.49,11.13,11.8,36.79,14.58,34.13,602.74,591.17,275256181000,598.225,0.185054625,596.77,54.32,2.273,0.9912716396641219,0.9806605494059645,17.67,14.77,5640.366,608839.0,0.0,0.0548694431781768,54.32,2577716,628.6,318.6,1,0.5799197626310981
5,0,617.96,1.335,595.7,307.671,144.807,470.1,560.33,11.08,11.8,36.17,14.34,33.56,608.5302,594.4867,275347014000,601.694225,0.2666423999999999,608.06,54.35,2.235,1.005799197626311,0.9863475937362964,17.38,14.58,5640.366,608839.0,0.0,0.0,54.35,2046433,628.6,318.6,2,0.27518545653315574
11,0,617.96,1.335,608.78,307.671,144.278,471.33,562.14,11.14,11.8,35.77,14.18,33.22,609.23,596.47,271222211000,603.3499999999999,0.1403438181818181,598.92,53.47,2.211,1.0027518545653316,0.9997638744474868,17.19,14.36,5640.366,608839.0,0.0,0.3749708533287048,53.47,2605210,628.6,318.6,3,0.5444600977873693
13,0,619.43,1.335,610.01,307.671,144.993,473.87,566.05,11.14,11.8,36.55,14.49,33.9,610.23,601.3,277177532000,606.635,0.1993491538461538,605.0,54.65,2.259,1.0054446009778737,1.0140582556730326,17.56,14.68,5640.366,608839.0,0.0,0.024607703089714,54.65,2499653,628.6,318.6,4,0.0
2,0,619.43,1.335,610.01,307.671,144.993,473.87,566.05,11.1,11.8,36.64,14.52,34.01,610.23,601.3,277737570000,606.635,0.2313319999999999,605.0,54.96,2.264,1.0,1.0082114382932628,17.61,14.71,5640.366,608839.0,0.0,0.0,54.96,2499653,628.6,318.6,5,0.0
4,0,619.43,1.335,610.01,307.671,146.146,475.19,568.16,11.1,11.8,36.64,14.52,34.01,610.23,601.3,277737570000,606.635,0.1288302499999999,605.0,54.96,2.264,1.0,1.0054446009778737,17.61,14.71,5640.366,608839.0,0.0,-0.0006980200608571,54.96,2499653,628.6,318.6,6,2.3778507669356186
15,0,619.43,1.335,625.2,307.671,145.386,475.19,568.16,11.1,11.8,36.64,14.52,34.01,627.8195,614.34,277737570000,621.0598749999999,0.2121297333333333,616.88,54.96,2.264,1.0237785076693562,1.0237785076693562,17.61,14.71,5640.366,608839.0,0.0,0.0,54.96,3270609,628.6,318.6,0,1.2949838371058897
10,0,577.21,1.335,633.66,307.051,145.801,475.19,568.16,11.13,11.8,37.56,14.89,34.84,633.89,623.0,284653552000,629.1025,0.1427747,625.86,56.17,2.32,1.012949838371059,1.0370362738714383,18.04,15.07,5640.366,608839.0,0.0,0.0,56.17,2968858,633.89,318.6,1,-0.4476575756732881
11,0,623.36,1.335,624.26,307.051,141.739,476.71,570.46,11.09,11.8,37.56,14.89,34.84,632.445,618.0301,288505397000,626.2862749999999,0.0996702727272727,630.41,57.14,2.32,0.9955234242432671,1.0323939024289728,18.04,15.07,5640.366,608839.0,0.0,0.0,57.14,5547007,633.89,318.6,2,-6.2289845007380995
22,6,626.17,1.335,584.64,307.051,141.636,478.27,572.71,11.8,11.8,37.47,14.85,34.72,593.16,578.3,284225569000,587.275,0.1504839090909091,593.0,52.9,2.317,0.937710154992619,0.9456012594598872,18.02,14.64,5640.366,625140.0,0.1855996251106262,0.0,52.9,11173250,633.89,318.6,3,-0.5942701460133648
6,0,579.86,1.335,584.68,307.051,142.167,479.77,575.06,11.82,16.07,37.47,14.85,34.72,591.66,578.2,283997078000,583.785,0.104045,580.6,49.46,2.317,0.9940572985398664,0.9279648387981291,18.02,14.64,5640.366,625140.0,0.0,-0.0043794363737106,49.46,8666491,633.89,318.6,4,0.0
2,0,638.62,1.335,584.68,307.051,142.167,481.07,576.38,11.81,16.07,37.47,14.85,34.72,591.66,578.2,266204807000,583.785,0.1968335,580.6,49.51,2.317,1.0,0.9321376234853622,18.02,14.64,5640.366,625140.0,0.0,0.0,49.51,8666491,633.89,318.6,5,0.0
3,0,638.62,1.335,584.68,307.051,142.572,482.33,577.75,11.81,16.07,33.71,13.52,32.68,591.66,578.2,266204807000,583.785,0.0935693333333333,580.6,49.51,2.181,1.0,0.9940572985398664,16.11,13.72,5640.366,625140.0,0.0,0.0,49.51,8666491,633.89,318.6,6,1.938372003391664
11,1,585.42,1.335,599.13,307.051,144.517,482.33,577.75,11.81,16.07,33.71,13.52,32.68,603.1337,586.62,266204807000,595.100925,0.164212909090909,591.52,49.51,2.181,1.0193837200339166,1.0193837200339166,16.11,13.72,5640.366,625140.0,0.0,0.1007300019264221,49.51,5452047,633.89,318.6,0,1.4712336399073767
5,7,591.59,1.335,604.64,307.051,143.399,482.33,577.75,11.8,16.07,34.56,13.86,33.44,612.705,598.08,272783884000,603.8562499999999,0.2380201999999999,600.0,50.77,2.226,1.0147123363990738,1.0343812362427949,16.51,14.05,5640.366,625140.0,0.0,1.65402889251709e-05,50.77,4117492,633.89,318.6,1,-0.5342745065568089
3,0,594.46,1.335,596.06,307.051,143.079,483.61,579.2,11.8,16.07,34.56,13.86,33.44,610.68,595.07,275292586000,600.63,0.2851036666666666,600.71,51.24,2.226,0.9946572549344319,1.0288548009969425,16.51,14.05,5640.366,625140.0,0.0,-3.5762786865234375e-07,51.24,2587339,633.89,318.6,2,0.1182341874365278
6,0,647.68,1.335,600.14,307.051,142.1,484.89,580.7,11.8,16.07,34.38,13.79,33.22,607.4006,594.82,271386116000,601.34015,0.2336015,603.0,50.51,2.211,1.0011823418743653,1.0104843140682398,16.43,13.98,5642.697,625140.0,0.0,0.0,50.51,3192763,633.89,318.6,3,-0.3305367186940744
2,0,647.68,1.335,598.75,307.051,142.441,486.15,581.97,11.82,16.07,34.38,13.79,33.22,601.86,596.0,273243750000,599.3525,0.0851984999999999,600.8,50.77,2.211,0.9966946328130593,0.9925416852106773,16.43,13.98,5642.697,625140.0,0.0,0.0,50.77,1660631,633.89,318.6,4,0.0
0,0,647.68,1.335,598.75,307.051,142.441,487.42,582.98,11.8,16.07,34.38,13.79,33.22,601.86,596.0,273243750000,599.3525,0.0,600.8,50.74,2.211,1.0,0.9978730666133893,16.43,13.98,5642.697,625140.0,0.0,-0.6256003081798553,50.74,1660631,633.89,318.6,5,0.0
1,0,647.68,1.335,598.75,307.051,142.361,487.42,582.98,11.8,16.07,34.38,13.79,33.22,601.86,596.0,273243750000,599.3525,0.366551,600.8,50.74,2.211,1.0,0.9966946328130593,16.43,13.98,5642.697,625140.0,0.0,0.1344347894191742,50.74,1660631,633.89,318.6,6,0.0
1,0,587.38,1.335,598.75,307.051,142.437,488.72,583.76,11.8,16.07,34.38,13.79,33.22,601.86,596.0,273243750000,599.3525,0.247887,600.8,50.74,2.211,1.0,1.0,16.43,13.98,5642.697,625140.0,0.0,-0.4371731451579502,50.74,1660631,633.89,318.6,0,-0.08509182826467176
0,0,587.38,1.335,598.26,307.051,142.536,488.72,583.76,11.8,16.07,34.38,13.79,33.22,601.69,596.5,272610869000,598.8425,0.0,598.92,50.74,2.211,0.9991490817173533,0.9991490817173533,16.43,13.98,5642.697,625140.0,0.0,0.3051242927710215,50.74,1595053,633.89,318.6,1,-0.3001623966234934
2,1,647.68,1.335,596.08,307.051,140.723,488.72,583.76,11.85,16.07,34.38,13.79,33.22,599.79,593.71,272387785000,597.045,0.2407085,598.6,50.49,2.211,0.9969983760337651,0.9961500118878289,16.43,13.98,5642.697,625140.0,0.0,0.12498140335083,50.49,1392322,633.89,318.6,2,-0.10677168387642766
4,0,648.06,1.335,595.52,307.051,141.764,490.07,584.75,11.8,16.07,34.38,13.79,33.22,599.04,593.6301,271395226000,596.407525,0.3127275,597.44,50.52,2.211,0.9989322831612357,0.9950864057462011,16.43,13.98,5642.697,625140.0,0.0,0.0,50.52,1702553,633.89,318.6,3,0.031434043358191666
3,0,648.57,1.335,596.6,307.051,141.027,491.43,585.65,11.79,16.07,34.35,13.78,33.22,600.75,592.94,271140258000,596.595,0.213113,596.09,50.51,2.214,1.000314340433582,0.996246926362107,16.41,13.97,5642.697,625140.0,0.0,-0.2339352965354919,50.51,1890231,633.89,318.6,4,0.0
1,1,648.57,1.335,596.6,307.051,141.027,492.74,586.36,11.81,16.07,34.41,13.8,33.22,600.75,592.94,271631974000,596.595,0.136497,596.09,50.52,2.218,1.0,0.9992462879682437,16.44,14.0,5642.697,625140.0,0.0,0.0,50.52,1890231,633.89,318.6,5,0.0
0,0,648.57,1.335,596.6,307.051,141.027,494.05,587.14,11.81,97.45,34.41,13.8,33.22,600.75,592.94,271631974000,596.595,0.0,596.09,50.52,2.218,1.0,1.000314340433582,16.44,14.0,5642.697,625140.0,0.0,0.0,50.52,1890231,633.89,318.6,6,0.0
1,0,648.57,1.335,596.6,307.051,141.606,494.05,587.14,11.81,16.07,34.41,13.8,33.22,600.75,592.94,271631974000,596.595,0.210577,596.09,50.52,2.218,1.0,1.0,16.44,14.0,5642.697,625140.0,0.0,0.0,50.52,1890231,633.89,318.6,0,-2.0786714605385614
0,0,648.57,1.335,580.07,307.051,142.643,494.05,587.14,11.81,16.07,34.41,13.8,33.22,590.44,576.755,271631974000,584.19375,0.0,589.51,50.52,2.218,0.9792132853946144,0.9792132853946144,16.44,14.0,5642.697,625140.0,0.0,-0.1248756274580955,50.52,2840192,633.89,318.6,1,-1.8362914700816413
4,1,648.57,1.335,571.79,307.051,143.917,494.05,587.14,11.83,16.07,33.45,13.41,32.36,577.305,570.19,264105869000,573.46625,0.0892082499999999,574.58,49.03,2.157,0.9816370852991836,0.961232075361007,15.99,13.61,5642.697,625140.0,0.0,0.0,49.03,2478008,633.89,318.6,2,-0.7086293221266304
2,1,650.35,1.33,567.05,307.051,145.272,495.19,587.62,11.83,16.07,32.95,13.21,31.85,572.91,566.66,260335976000,569.4024999999999,0.2185965,570.99,48.33,2.125,0.9929137067787337,0.9544205030213124,15.75,13.41,5642.697,625140.0,0.0,-0.2478598356246948,48.33,2092099,633.89,318.6,3,-0.7310294563160347
7,6,650.35,1.33,564.6,307.051,144.623,498.23,589.27,11.8,16.07,32.54,13.05,31.45,569.52,563.34,257062371000,565.24,0.265235,563.5,47.85,2.099,0.9926897054368397,0.9675557124669684,15.56,13.24,5642.697,625140.0,0.0,-0.1326724171638488,47.85,1917290,633.89,318.6,4,0.0
0,6,650.35,1.33,564.6,307.051,144.576,498.23,589.27,11.8,16.07,32.54,13.05,31.45,569.52,563.34,257062371000,565.24,0.0,563.5,47.85,2.099,1.0,0.9856552151063817,15.56,13.24,5642.697,625140.0,0.0,0.0,47.85,1917290,633.89,318.6,5,0.0
0,2,650.35,1.33,564.6,307.051,144.079,498.23,589.27,11.8,16.07,32.54,13.05,31.45,569.52,563.34,257062371000,565.24,0.0,563.5,47.85,2.099,1.0,0.9926897054368397,15.56,13.24,5642.697,625140.0,0.0,-0.9881899058818816,47.85,1917290,633.89,318.6,6,1.6293963626070385
3,3,650.35,1.33,580.55,307.051,144.546,498.23,589.27,11.84,16.07,33.47,13.42,32.36,581.51,567.87,264324415000,574.45,0.2188886666666666,567.87,49.03,2.159,1.0162939636260704,1.0162939636260704,16.0,13.62,5642.697,625140.0,0.0,0.6847425103187561,49.03,2829955,633.89,318.6,0,1.4017756114544255
0,0,650.35,1.33,586.2,307.051,144.854,498.23,589.27,11.84,16.07,33.47,13.42,32.36,588.2,577.28,264324415000,582.5025,0.0,578.33,49.03,2.159,1.0140177561145443,1.0305401245488643,16.0,13.62,5642.697,625140.0,0.0,0.4999956786632538,49.03,1926919,633.89,318.6,1,1.0957034519164965
2,1,651.48,1.33,591.03,307.051,145.565,499.32,590.46,11.84,16.07,33.8,13.56,32.68,593.65,585.43,266896867000,588.885,0.17281,585.43,49.51,2.18,1.010957034519165,1.0418317882669308,16.16,13.75,5642.697,625140.0,0.0,0.0232115685939788,49.51,2135690,633.89,318.6,2,0.6924102328977888
4,0,594.87,1.33,597.49,306.746,145.151,500.41,591.9,11.82,16.07,33.8,13.56,32.68,597.84,584.52,269095977000,592.9625000000001,0.26815425,592.0,50.0,2.18,1.0069241023289779,1.0322264775002177,16.16,13.75,5642.697,625140.0,0.0,0.0,50.0,2331830,633.89,318.6,3,0.6525581297299299
5,0,651.48,1.33,596.54,306.746,144.896,501.49,593.56,11.83,16.07,33.8,13.56,32.68,599.38,593.0177,272037200000,596.831925,0.187644,598.39,50.51,2.18,1.0065255812972993,1.0245997656662416,16.16,13.75,5642.697,625140.0,0.0,0.0,50.51,1472167,633.89,318.6,4,0.0
1,0,593.6,1.33,596.54,306.746,144.896,502.61,594.97,11.81,16.07,34.4,13.8,33.22,599.38,593.0177,272100966000,596.831925,0.147051,598.39,50.51,2.217,1.0,1.0134948674189357,16.44,14.02,5642.697,625140.0,-0.2108826041221618,-0.2499998211860656,50.51,1472167,633.89,318.6,5,0.0
0,0,651.48,1.33,596.54,306.746,145.754,503.73,596.26,11.81,16.07,34.4,13.8,33.22,599.38,593.0177,272100966000,596.831925,0.0,598.39,50.51,2.217,1.0,1.0065255812972993,16.44,14.02,5642.697,625140.0,0.0,-0.2118615011374155,50.51,1472167,633.89,318.6,6,0.0
1,0,594.22,1.33,596.54,306.746,147.016,503.73,596.26,11.81,16.07,34.4,13.8,33.22,599.38,593.0177,271668494000,596.831925,0.338012,598.39,50.51,2.217,1.0,1.0,16.44,14.0,5642.697,625140.0,0.0,-0.0090516110261281,50.51,1472167,633.89,318.6,0,-0.44894129951240647
2,0,594.22,1.33,597.68,306.746,147.591,503.73,596.26,11.81,16.07,34.4,13.8,33.22,597.76,588.34,271668494000,594.1525,0.1742659999999999,592.83,50.51,2.217,0.9955105870048759,0.9955105870048759,16.44,14.0,5642.697,625140.0,0.0,0.0,50.51,2126096,633.89,318.6,1,-0.39257598007245154
0,1,651.48,1.33,596.1,306.746,147.814,503.73,596.26,11.83,16.07,34.48,13.83,33.33,596.75,582.44,272123707000,591.82,0.0,591.99,50.52,2.222,0.9960742401992755,0.9916024515612165,16.47,14.02,5642.697,675361.0,0.0,-0.099882823228836,50.52,2588293,633.89,318.6,2,-0.23571356155589474
1,0,651.48,1.33,593.7,306.746,147.91,505.89,598.07,11.8,16.07,34.13,13.69,33.22,596.89,584.21,272123822000,590.425,0.294637,586.9,50.52,2.216,0.997642864384441,0.989265110106166,16.31,14.02,5642.697,675361.0,0.0,0.0,50.52,2793610,633.89,318.6,3,1.8994791887200213
3,1,651.48,1.33,611.55,306.746,148.145,506.93,598.67,11.81,16.07,33.99,13.63,33.11,612.07,589.13,268352406000,601.6400000000001,0.1932883333333333,593.81,50.27,2.208,1.0189947918872002,1.0126019834975029,16.25,13.83,5642.697,675361.0,0.0,0.0,50.27,3755338,633.89,318.6,4,0.0
1,0,649.19,1.33,611.55,306.746,148.145,506.93,598.67,11.8,16.07,35.03,14.05,34.13,612.07,589.13,276420592000,601.6400000000001,0.298507,593.81,51.83,2.274,1.0,1.0165928829711737,16.73,14.24,5642.697,675361.0,0.0,0.0,51.83,3755338,633.89,318.6,5,0.0
1,0,649.19,1.33,611.55,306.746,148.081,508.09,599.59,11.8,16.07,35.03,14.05,34.13,612.07,589.13,276420592000,601.6400000000001,0.314051,593.81,51.83,2.274,1.0,1.0189947918872002,16.73,14.24,5642.697,675361.0,0.0,0.0,51.83,3755338,633.89,318.6,6,1.5017286084701764
4,0,649.19,1.33,603.59,306.746,147.889,508.09,599.59,11.8,16.07,35.03,14.05,34.13,620.96,603.15,276420592000,610.6750000000001,0.21783975,615.0,51.83,2.274,1.0150172860847018,1.0150172860847018,16.73,14.24,5642.697,675361.0,0.0,0.0,51.83,4488000,633.89,318.6,0,-1.9507102796086362
1,0,652.49,1.33,597.18,306.746,147.481,508.09,599.59,11.83,16.07,34.57,13.86,33.67,604.32,591.34,276420690000,598.7625,0.234854,602.21,51.02,2.244,0.9804928972039136,0.9952172395452429,16.52,14.24,5642.697,675361.0,0.0,0.0,51.02,2723463,633.89,318.6,1,1.150289138013827
3,0,652.49,1.33,606.48,306.746,147.58,510.26,600.2,11.82,16.07,34.19,13.71,33.33,616.95,597.46,269925351000,605.6500000000001,0.2620546666666667,601.71,50.52,2.22,1.0115028913801383,1.0066651153513728,16.34,13.91,5642.697,675361.0,0.0,-0.3126163482666015,50.52,2962390,633.89,318.6,2,2.2579047304548627
3,0,652.49,1.33,622.58,306.746,147.811,511.39,600.77,11.83,16.07,34.74,13.93,33.9,627.06,612.24,274128945000,619.3249999999999,0.1742906666666666,615.42,51.27,2.258,1.0225790473045486,1.0141646538666227,16.6,14.12,5769.95,675361.0,0.0,0.0,51.27,3806205,633.89,318.6,3,-0.2894280062971655
0,0,599.62,1.33,613.93,306.746,147.942,513.83,601.75,11.85,16.07,35.17,14.1,34.25,622.5,613.0,277496365000,617.5325,0.0,620.7,51.81,2.285,0.9971057199370283,1.0313479885597379,16.8,14.3,5769.95,675361.0,0.0,0.0,51.81,2137831,633.89,318.6,4,0.0
0,0,599.62,1.33,613.93,306.746,148.118,513.83,601.75,11.85,16.07,35.17,14.1,34.25,622.5,613.0,277496365000,617.5325,0.0,620.7,51.81,2.285,1.0,1.0196194171551225,16.8,14.3,5769.95,675361.0,0.0,-0.1981983333826065,51.81,2137831,633.89,318.6,5,0.0
0,0,599.62,1.33,613.93,306.746,147.942,513.83,601.75,11.85,16.07,35.17,14.1,34.25,622.5,613.0,277496365000,617.5325,0.0,620.7,51.81,2.285,1.0,0.9971057199370283,16.8,14.3,5769.95,675361.0,0.0,0.7499933540821075,51.81,2137831,633.89,318.6,6,1.1242323278531918
2,0,600.55,1.33,630.23,306.746,147.263,513.83,601.75,11.85,16.07,35.17,14.1,34.25,636.25,615.71,277496365000,624.475,0.235064,615.71,51.81,2.285,1.011242323278532,1.011242323278532,16.8,14.3,5769.95,675361.0,0.0,0.0,51.81,3212187,636.25,318.6,0,0.457184034589031
1,1,601.73,1.33,627.96,306.746,147.228,515.13,602.27,11.81,97.45,35.98,14.43,35.09,630.47,620.89,283837923000,627.3299999999999,0.139729,630.0,53.17,2.337,1.0045718403458903,1.0158655617315686,17.18,14.62,5769.95,675361.0,0.0,0.3918356299400329,53.17,2007432,636.25,318.6,1,-1.3326319480974735
2,0,601.73,1.33,617.78,306.746,146.845,515.13,602.27,11.81,97.45,35.98,14.43,35.09,625.93,612.17,283837923000,618.97,0.2437595,620.0,53.17,2.337,0.9866736805190253,1.0023278127062138,17.18,14.62,5769.95,675361.0,0.0,-0.165719985961914,53.17,2666775,636.25,318.6,2,0.7514499894986759
2,0,652.57,1.33,627.91,306.746,146.672,516.38,602.92,11.8,16.07,35.39,14.19,34.48,628.8,618.775,279236575000,623.62125,0.257846,619.0,52.35,2.3,1.0075144998949868,0.9986328515953401,16.91,14.39,5769.95,675361.0,0.0,-0.1163510605692863,52.35,1687613,636.25,318.6,3,0.8147974431595983
1,0,652.57,1.33,634.76,306.746,148.38,517.57,603.24,11.8,16.07,35.98,14.43,35.09,638.25,617.01,283815313000,628.7025,0.311121,624.79,53.21,2.337,1.008147974431596,1.0021878437186171,17.18,14.62,5769.95,675361.0,0.0,0.0,53.21,2542763,638.25,318.6,4,0.0
0,0,604.01,1.33,634.76,306.746,148.38,518.82,603.74,11.81,16.07,36.38,14.59,35.46,638.25,617.01,286911529000,628.7025,0.0,624.79,53.75,2.363,1.0,1.0157237022795935,17.37,14.78,5769.95,675361.0,0.0,0.0,53.75,2542763,638.25,318.6,5,0.0
0,0,652.57,1.33,634.76,306.746,148.497,520.11,604.18,11.81,16.07,36.38,14.59,35.46,638.25,617.01,286911529000,628.7025,0.0,624.79,53.75,2.363,1.0,1.008147974431596,17.37,14.78,5769.95,675361.0,0.0,0.4277663230895996,53.75,2542763,638.25,318.6,6,0.31214684210734145
0,0,652.57,1.335,630.5,306.746,148.673,520.11,604.18,11.81,16.07,36.38,14.59,35.46,634.5899,624.54,286911529000,630.6649749999999,0.0,633.03,53.75,2.363,1.0031214684210734,1.0031214684210734,17.37,14.78,5769.95,675361.0,0.0,0.0,53.75,2131245,638.25,318.6,0,-2.331265502733826
1,0,652.57,1.335,607.14,306.746,147.924,520.11,604.18,11.79,16.07,36.38,14.59,35.46,626.46,604.67,284986016000,615.9625,0.204406,625.58,53.48,2.363,0.9766873449726617,0.979736043677256,17.37,14.68,5769.95,675361.0,0.0,-0.7408243715763092,53.48,3436244,638.25,318.6,1,-0.16965318505590687
4,0,652.57,1.335,615.85,306.746,148.814,521.36,604.58,11.84,16.07,34.77,13.95,33.9,620.42,610.15,274427281000,614.9175,0.1959059999999999,613.25,51.28,2.26,0.9983034681494409,0.9780738902740168,16.61,14.14,5769.95,675361.0,0.0,-0.1249965727329254,51.28,2313824,638.25,318.6,2,0.2394630173966572
0,0,607.5,1.335,615.86,306.746,149.398,523.68,604.25,11.82,16.07,35.28,14.15,34.36,621.34,612.51,278364193000,616.3900000000001,0.0,615.85,52.1,2.292,1.0023946301739666,0.9773652009135281,16.85,14.34,5769.95,675361.0,0.0,0.0144664645195007,52.1,1815682,638.25,318.6,3,0.8730268174369948
0,0,652.57,1.335,627.21,306.746,149.26,523.68,604.25,11.83,16.07,35.29,14.15,34.36,628.07,615.805,278368715000,621.77125,0.0,616.0,52.06,2.293,1.00873026817437,1.0094303630496988,16.86,14.34,5769.95,675361.0,0.0,1.4806787172953287e-05,52.06,2091353,638.25,318.6,4,0.0
0,0,652.57,1.335,627.21,306.746,149.26,526.16,604.26,11.79,16.07,35.94,14.41,34.97,628.07,615.805,283498938000,621.77125,0.0,616.0,53.2,2.335,1.0,1.0111458041119337,17.16,14.61,5769.95,675361.0,0.0,0.0,53.2,2091353,638.25,318.6,5,0.0
0,0,652.57,1.335,627.21,306.746,149.124,526.16,604.26,11.79,16.07,35.94,14.41,34.97,628.07,615.805,283498938000,621.77125,0.0,616.0,53.2,2.335,1.0,1.00873026817437,17.16,14.61,5769.95,675361.0,0.0,0.0,53.2,2091353,638.25,318.6,6,-0.4553523502413448
1,0,652.57,1.335,611.84,306.746,149.545,526.16,604.26,11.79,16.07,35.94,14.41,34.97,626.345,611.575,283498938000,618.94,0.242937,626.0,53.2,2.335,0.9954464764975866,0.9954464764975866,17.16,14.61,5769.95,675361.0,0.0,0.0947741071383158,53.2,2317239,638.25,318.6,0,-3.1820531877080227
1,0,652.57,1.335,601.89,308.417,150.636,527.41,604.15,11.81,16.07,35.06,14.06,34.13,608.39,590.0,276551696000,599.245,0.183279,596.7,51.81,2.278,0.9681794681229198,0.9637708401602679,16.75,14.25,5769.95,675361.0,0.0,-0.4988799095153808,51.81,2985238,638.25,318.6,1,1.0997171440729536
2,0,652.57,1.335,604.66,308.417,150.045,528.56,603.97,11.8,16.07,34.47,13.82,33.56,610.33,602.5,272054288000,605.8349999999999,0.2887125,605.85,51.01,2.24,1.0109971714407295,0.9743695933190862,16.47,14.02,5769.95,675361.0,0.0,0.2063207072871072,51.01,1615119,638.25,318.6,2,-1.230293726839804
0,0,652.57,1.335,590.44,308.417,150.28,528.56,603.97,11.84,16.07,34.63,13.89,33.78,607.3158,589.77,273306305000,598.38145,0.0,606.0,51.07,2.249,0.987697062731602,0.9667842601867708,16.53,14.08,5769.95,554784.0,0.0,0.0,51.07,3677358,638.25,318.6,3,-5.032638461636807
3,0,652.57,1.335,546.66,308.417,150.173,529.7,603.81,11.81,16.07,33.8,13.56,33.0,590.1383,546.37,266878878000,568.267075,0.1290686666666667,589.9,49.99,2.199,0.9496736153836319,0.9483050755534047,16.16,13.75,5769.95,554784.0,0.0,-0.4999799132347107,49.99,10328353,638.25,318.6,4,0.0
1,0,652.57,1.335,546.66,308.417,150.173,530.78,603.53,11.81,16.07,31.26,12.54,30.58,590.1383,546.37,247090315000,568.267075,0.181379,589.9,46.29,2.036,1.0,0.9379898404681143,14.96,12.73,5769.95,554784.0,0.0,0.0,46.29,10328353,638.25,318.6,5,0.0
1,1,652.57,1.335,546.66,308.417,149.968,531.67,602.42,11.81,16.07,31.26,12.54,30.58,590.1383,546.37,247090315000,568.267075,0.014805,589.9,46.29,2.036,1.0,0.9496736153836319,14.96,12.73,5769.95,554784.0,0.0,0.9955244958400726,46.29,10328353,638.25,318.6,6,0.0
1,0,652.57,1.335,546.66,308.417,150.268,531.67,602.42,11.81,16.07,34.6,13.88,33.78,590.1383,546.37,247090315000,568.267075,0.117599,589.9,46.29,2.249,1.0,1.0,16.53,12.73,5769.95,554784.0,0.0,0.0,46.29,10328353,638.25,318.6,0,-5.5331949330339025
4,0,652.57,1.335,541.91,308.417,150.085,531.67,602.42,11.81,16.07,34.6,13.88,33.78,545.88,528.01,247090315000,536.82375,0.0900405,531.495,46.29,2.249,0.944668050669661,0.944668050669661,16.53,12.73,5769.95,554784.0,0.0,0.0,46.29,6567568,638.25,318.6,1,0.13609681017279218
1,0,652.57,1.335,538.52,308.417,150.187,531.67,602.42,11.81,16.07,34.6,13.88,33.78,542.5699,529.3675,244943307000,537.55435,0.200401,539.76,45.89,2.249,1.001360968101728,0.9459537137533439,16.53,12.62,5769.95,554784.0,0.0,0.0,45.89,4493535,638.25,318.6,2,1.4604337217250851
1,1,652.57,1.335,537.57,308.417,150.743,532.65,601.34,11.8,16.07,30.8,12.35,30.12,555.5499,534.56,243411042000,545.404975,0.253045,553.94,45.64,2.006,1.0146043372172509,0.9597687407809085,14.74,12.54,5769.95,554784.0,0.0,0.2307941392064094,45.64,5023397,638.25,318.6,3,0.6403544448783327
1,0,652.57,1.335,553.44,308.417,150.44,533.66,599.94,11.83,16.07,30.73,12.33,30.03,557.18,541.48,242981650000,548.8975,0.346928,543.49,45.44,2.002,1.0064035444487833,1.022491087624197,14.71,12.52,5769.95,554784.0,0.0,0.0,45.44,4546484,638.25,320.7,4,0.0
0,2,652.57,1.335,553.44,308.417,150.44,535.66,597.05,11.84,16.07,31.65,12.69,30.96,557.18,541.48,250154877000,548.8975,0.0,543.49,46.74,2.061,1.0,1.0211014011885498,15.14,12.89,5769.95,554784.0,0.0,0.1563556790351867,46.74,4546484,638.25,320.7,5,0.0
0,0,602.8,1.335,553.44,308.417,150.626,535.66,597.05,11.84,16.07,31.65,12.69,30.96,557.18,541.48,250154877000,548.8975,0.0,543.49,46.74,2.061,1.0,1.0064035444487833,15.14,12.89,5769.95,554784.0,0.0,0.6252224028110505,46.74,4546484,638.25,320.7,6,2.213983485076887
3,5,652.57,1.335,560.48,308.417,150.241,535.66,597.05,11.84,16.07,31.65,12.69,30.96,570.6,556.56,250154877000,561.05,0.2041269999999999,556.56,46.74,2.061,1.0221398348507689,1.0221398348507689,15.14,12.89,5769.95,554784.0,0.0,0.0,46.74,4251153,638.25,320.97,0,-0.5057481507887207
2,0,652.57,1.335,552.49,308.417,150.709,535.66,597.05,11.83,16.07,32.06,12.86,31.35,565.91,548.54,253336945000,558.2124999999999,0.3080275,565.91,47.38,2.087,0.9949425184921128,1.0169703815375364,15.34,13.05,5769.95,554784.0,0.0,0.0,47.38,3247572,638.25,321.0,1,-0.9884183890543241
2,0,652.57,1.335,551.82,308.417,149.882,535.66,597.05,11.83,16.07,32.06,12.86,31.35,557.2,549.7601,253336945000,552.695025,0.1218544999999999,552.0,47.38,2.087,0.9901158161094568,1.0069184592751834,15.34,13.05,5760.935,554784.0,0.0,0.0,47.38,2313223,638.25,321.56,2,0.8847510433082073
4,2,653.38,1.335,560.28,308.417,150.492,537.79,594.15,11.81,0.0,31.56,12.66,30.86,561.94,553.23,249422643000,557.585,0.0993262499999999,554.89,46.72,2.055,1.008847510433082,0.9938240798502809,15.1,12.85,5760.935,554784.0,0.9987535774707794,0.0,46.72,3844366,638.25,323.29,3,1.5809248814081966
5,0,653.38,1.335,570.93,308.417,150.064,538.84,593.5,11.81,0.0,32.03,12.85,31.25,572.89,560.67,253246570000,566.4,0.1352095999999999,561.11,47.44,2.086,1.015809248814082,1.0146673533824486,15.32,13.05,5760.935,554784.0,0.0,-0.9647356867790222,47.44,2968098,638.25,323.29,4,0.0
0,0,653.38,1.335,570.93,308.417,150.064,539.96,593.01,11.81,0.0,32.66,13.1,31.85,572.89,560.67,258060354000,566.4,0.0,561.11,48.34,2.126,1.0,1.0247966317409858,15.62,13.3,5760.935,554784.0,-0.4494690001010895,0.0153834819793701,48.34,2968098,638.25,323.29,5,0.0
0,0,653.38,1.335,570.93,308.417,150.328,541.09,592.45,11.81,0.0,32.66,13.1,31.85,572.89,560.67,258060354000,566.4,0.0,561.11,48.34,2.126,1.0,1.015809248814082,15.62,13.3,5760.935,554784.0,0.0,-0.1593505024909973,48.34,2968098,638.25,323.29,6,0.6856903248587676
2,0,653.38,1.294,567.94,308.417,150.402,541.09,592.45,11.81,0.0,32.66,13.1,31.85,576.245,564.1,258060354000,570.28375,0.189056,572.85,48.34,2.126,1.0068569032485877,1.0068569032485877,15.62,13.3,5760.935,554784.0,0.0,0.0,48.34,2556419,638.25,323.29,0,-3.07544270724881
3,0,602.09,1.294,544.84,308.417,149.708,541.09,592.45,11.76,0.0,32.54,13.05,31.85,564.19,539.35,258042397000,552.745,0.1357946666666666,562.6,48.29,2.126,0.9692455729275119,0.9758915960451978,15.62,13.29,5760.935,554784.0,0.0,0.0,48.29,4286834,638.25,323.29,1,-1.4066160707016717
4,0,653.38,1.294,543.09,308.417,147.953,542.2,591.71,11.82,0.0,31.19,12.51,30.4,550.64,538.15,246565159000,544.97,0.2301697499999999,548.0,46.09,2.029,0.9859338392929833,0.962164548022599,14.93,12.7,5760.935,554784.0,0.0,0.2385153025388717,46.09,3209766,638.25,323.29,2,1.1986898361377785
3,0,653.38,1.294,556.04,308.417,146.976,543.15,590.69,11.84,0.0,31.08,12.47,30.3,558.38,541.59,245773206000,551.5025,0.2040013333333333,550.0,45.87,2.022,1.0119868983613778,0.9670668329581547,14.87,12.66,5760.935,554784.0,0.0,0.0,45.87,2660544,638.25,323.29,3,0.43659820218402423
9,0,653.38,1.294,551.69,308.417,147.02,544.06,589.55,11.84,0.0,31.84,12.77,31.06,560.44,550.5114,251633664000,553.91035,0.1499027777777778,553.0,46.96,2.071,1.0043659820218402,1.0021082958688003,15.23,12.96,5760.935,554784.0,0.0,0.0,46.96,2833180,638.25,323.29,4,0.0
0,0,653.38,1.294,551.69,308.417,147.02,544.98,588.69,11.8,0.0,31.59,12.67,30.77,560.44,550.5114,249665094000,553.91035,0.0,553.0,46.75,2.054,1.0,1.0164052149659613,15.11,12.86,5760.935,554784.0,0.0,0.0,46.75,2833180,638.25,323.29,5,0.0
0,0,653.38,1.294,551.69,308.417,146.593,545.88,587.76,11.8,0.0,31.59,12.67,30.77,560.44,550.5114,249665094000,553.91035,0.0,553.0,46.75,2.054,1.0,1.0043659820218402,15.11,12.86,5760.935,554784.0,0.0,0.0,46.75,2833180,638.25,323.29,6,0.4936990254830853
9,0,653.38,1.294,560.42,308.417,147.445,545.88,587.76,11.8,0.0,31.59,12.67,30.77,562.69,551.02,249665094000,556.645,0.2017584444444444,552.45,46.75,2.054,1.0049369902548309,1.0049369902548309,15.11,12.86,5760.935,554784.0,0.0,0.2499996721744537,46.75,2846609,638.25,328.17,0,2.854153005955329
4,0,653.38,1.294,579.14,310.326,147.966,546.83,587.05,11.82,0.0,32.08,12.87,31.25,579.79,562.6,253615817000,572.5325,0.1799977499999999,568.6,47.41,2.086,1.0285415300595533,1.0336194295701462,15.35,13.07,5760.935,554784.0,0.0,0.0,47.41,3439082,638.25,328.17,1,0.9274582665612874
6,0,652.41,1.294,573.55,310.326,147.792,547.9,586.72,11.81,0.0,33.19,13.31,32.36,585.35,573.41,262087492000,577.8425,0.2497796666666666,579.06,49.04,2.157,1.0092745826656129,1.0432058184144781,15.87,13.5,5760.935,554784.0,0.0,0.0,49.04,3437897,638.25,331.89,2,-0.6325252988487295
15,0,652.28,1.294,570.45,310.326,148.725,548.81,586.26,11.82,0.0,32.86,13.18,32.05,579.54,568.76,259557736000,574.1875,0.171418,578.0,48.52,2.136,0.9936747470115127,1.0315146996739395,15.71,13.37,5760.935,555127.0,0.0,0.0,48.52,5229087,638.25,331.89,3,-13.781373680200282
28,6,652.28,1.294,492.46,310.326,149.033,549.58,586.07,11.83,4.48,32.74,13.13,31.95,503.1263,485.0,258154856000,495.056575,0.118056,499.64,48.22,2.128,0.8621862631979972,0.8646785553658526,15.66,13.3,5760.935,555127.0,0.0,0.500233918428421,48.22,19580838,638.25,331.89,4,0.0
2,0,652.28,1.294,492.46,310.326,149.033,549.96,584.48,11.81,4.48,28.13,11.28,27.47,503.1263,485.0,222860788000,495.056575,-0.0619134999999999,499.64,41.7,1.833,1.0,0.8567327169600714,13.49,11.18,5760.935,555127.0,0.0,0.0,41.7,19580838,638.25,331.89,5,0.0
1,2,652.28,1.294,492.46,310.326,149.202,549.96,584.48,11.81,4.48,28.13,11.28,27.47,503.1263,485.0,222860788000,495.056575,0.232204,499.64,41.7,1.833,1.0,0.8621862631979972,13.49,11.18,5760.935,555127.0,0.0,0.0,41.7,19580838,638.25,331.89,6,2.0433826174311553
10,0,652.28,1.294,513.86,310.326,150.581,549.96,584.48,11.81,4.48,28.13,11.28,27.47,515.7299,495.55,222860788000,505.1724750000001,0.1371239,495.55,41.7,1.833,1.0204338261743116,1.0204338261743116,13.49,11.18,5760.935,555127.0,0.0,0.0,41.7,7052677,638.25,331.89,0,2.081472273405227
5,1,578.75,1.294,521.19,310.326,151.678,550.44,583.42,11.81,4.48,29.38,11.78,28.57,522.68,508.99,232545272000,515.6875,0.2654668,509.89,43.51,1.906,1.0208147227340523,1.041673873334578,14.07,11.66,5760.935,555127.0,0.0,0.0,43.51,7081796,638.25,331.89,1,0.7780875045448887
4,0,627.9,1.294,519.14,310.326,150.971,550.91,582.55,11.83,4.48,29.82,11.96,28.99,523.87,512.5,235862442000,519.6999999999999,0.2887935,523.29,44.06,1.934,1.0077808750454489,1.049779007581103,14.28,11.83,5760.935,555127.0,0.0,0.0,44.06,4239557,638.25,331.89,2,-1.1557148354819913
4,0,627.9,1.294,511.25,310.326,151.611,551.32,581.32,11.84,4.48,29.71,11.91,28.9,519.725,506.2,234934731000,513.69375,0.3737465,517.6,43.85,1.927,0.9884428516451801,1.0168680508572838,14.23,11.78,5760.935,555127.0,0.0,0.0,43.85,5206580,638.25,331.89,3,-1.8457008674915842
2,0,577.7,1.294,499.52,310.326,151.429,551.71,579.82,11.8,4.48,29.23,11.72,28.41,511.59,496.67,231364133000,504.2125,0.2201219999999999,509.07,43.33,1.896,0.9815429913250842,0.9777481517391831,14.0,11.61,5760.935,555127.0,0.0,0.1605741679668426,43.33,5413647,638.25,331.89,4,0.0
0,0,621.87,1.294,499.52,310.326,151.429,552.04,577.99,10.49,4.48,31.24,11.2,27.78,511.59,496.67,226055766000,504.2125,0.0,509.07,47.62,1.853,1.0,0.9701991533577065,14.62,11.34,5760.935,555127.0,0.0,0.0,47.62,5413647,638.25,331.89,5,0.0
0,0,621.87,1.294,499.52,310.326,151.345,552.04,577.99,10.49,4.48,31.24,11.2,27.78,511.59,496.67,226055766000,504.2125,0.0,509.07,47.62,1.853,1.0,0.9815429913250842,14.62,11.34,5760.935,555127.0,0.0,-0.827127089103063,47.62,5413647,638.25,331.89,6,-0.2731983042863706
3,0,572.37,1.294,507.23,310.326,151.268,552.04,577.99,10.49,4.48,31.24,11.2,27.78,510.63,496.69,226055766000,502.83500000000004,0.208811,496.79,47.62,1.853,0.9972680169571363,0.9972680169571363,14.62,11.34,5760.935,555127.0,0.0,-0.3321659962336222,47.62,4277036,638.25,331.89,0,1.0291646365109708
4,2,572.37,1.294,507.6,310.326,151.233,552.49,576.19,10.45,4.48,31.73,11.38,28.25,512.79,503.59,229544903000,508.01,0.19825725,508.06,48.54,1.882,1.0102916463651097,1.0075315467188934,14.85,11.51,5760.935,555127.0,0.0,-0.9998847544193268,48.54,2813329,638.25,331.89,1,0.21603905434934845
3,0,575.4,1.294,504.4,310.326,151.459,552.83,574.41,10.46,4.48,31.77,11.39,28.25,516.86,499.7,229712347000,509.1075000000001,0.266847,515.47,48.53,1.884,1.0021603905434935,1.0097082083446962,14.87,11.52,5760.935,555127.0,0.0,0.3333312670389811,48.53,4228415,638.25,331.89,2,-0.7095750897403885
4,0,621.87,1.294,504.6,310.326,151.329,553.08,572.54,10.45,4.48,31.25,11.2,28.09,509.0,500.26,225971192000,505.495,0.18302425,508.12,48.27,1.872,0.9929042491025961,1.005290005667863,14.63,11.33,5761.525,555127.0,-0.0833329657713572,-0.1484598368406295,48.27,3897003,638.25,331.89,3,0.0
3,0,574.09,1.294,504.6,310.326,151.303,553.23,570.71,10.45,4.48,31.24,11.2,28.09,509.0,500.26,226060796000,505.495,0.2957433333333333,508.12,48.29,1.872,1.0,0.9950493100529517,14.62,11.34,5761.525,555127.0,0.0,0.3333319624265035,48.29,3897003,638.25,331.89,4,0.0
2,0,621.87,1.294,504.6,310.326,151.303,553.23,570.71,10.45,4.48,31.24,11.2,28.09,509.0,500.26,226060796000,505.495,0.134814,508.12,48.29,1.872,1.0,0.9929042491025961,14.62,11.34,5761.525,555127.0,0.0,0.1248666569590568,48.29,3897003,638.25,331.89,5,0.0
1,0,576.1,1.294,504.6,310.326,151.364,553.23,570.71,10.45,101.93,31.24,11.2,28.09,509.0,500.26,226060796000,505.495,0.131223,508.12,48.29,1.872,1.0,1.0,14.62,11.34,5761.525,555127.0,0.0,0.088422030210495,48.29,3897003,638.25,331.89,6,-0.4287876240121058
2,0,575.73,1.294,502.09,310.326,151.61,553.23,570.71,10.45,4.48,31.24,11.2,28.09,506.92,499.31,226060796000,503.3275,0.2107485,504.99,48.29,1.872,0.9957121237598789,0.9957121237598789,14.62,11.34,5761.525,555127.0,0.0,0.5,48.29,2001168,638.25,331.89,0,-1.3712245009461999
1,0,621.87,1.294,499.21,310.326,151.761,553.23,570.71,10.49,4.48,31.08,11.15,27.93,500.75,491.34,224936313000,496.42575,0.344875,494.403,47.86,1.863,0.986287754990538,0.9820586751599917,14.55,11.28,5761.525,555127.0,0.0,0.0,47.86,3073102,638.25,331.89,1,0.1126553165302191
1,0,621.87,1.294,497.01,310.326,151.722,553.45,566.63,10.48,4.48,30.9,11.08,27.78,498.86,494.71,223646073000,496.98499999999996,0.309857,497.36,47.63,1.852,1.0011265531653022,0.9831650164690056,14.47,11.22,5761.525,555127.0,0.0,0.0,47.63,2520915,638.25,331.89,2,-0.32495950582008826
3,0,621.87,1.272,487.11,310.326,151.414,553.48,564.5,10.44,4.48,30.9,11.08,27.78,504.11,486.7,223619219000,495.37,0.1907876666666667,503.56,47.61,1.852,0.9967504049417991,0.9841902141249982,14.47,11.22,5761.525,555127.0,0.0,0.0,47.61,3381201,638.25,331.89,3,-1.824393887397302
4,1,621.87,1.272,485.12,310.326,151.609,553.48,564.5,10.27,4.48,30.13,10.8,27.62,490.09,481.28,218225279000,486.3325,0.24056625,488.84,47.43,1.844,0.981756061126027,0.9796681578262207,14.4,10.95,5761.525,555127.0,0.0,0.4963008165359497,47.43,4968712,638.25,331.89,4,0.0
0,0,621.87,1.272,485.12,310.326,151.609,553.43,559.87,10.47,4.48,30.0,10.76,26.95,490.09,481.28,218269549000,486.3325,0.0,488.84,46.33,1.799,1.0,0.9785657514814331,14.05,10.9,5761.525,555127.0,0.0,0.2018330693244934,46.33,4968712,638.25,331.89,5,0.0
2,0,621.87,1.272,485.12,310.326,151.897,553.43,559.87,10.47,4.48,30.0,10.76,26.95,490.09,481.28,217333760000,486.3325,0.1210914999999999,488.84,46.33,1.799,1.0,0.981756061126027,14.05,10.95,5761.525,555127.0,0.0,-0.8185923099517822,46.33,4968712,638.25,331.89,6,-0.6199462302025838
5,0,621.87,1.272,484.28,310.326,151.888,553.43,559.87,10.47,4.48,30.0,10.76,26.95,486.98,477.23,217333760000,483.3175,0.3062464,484.78,46.33,1.799,0.9938005376979742,0.9938005376979742,14.05,10.9,5761.525,555127.0,0.0,0.0,46.33,3436622,638.25,331.89,0,1.132795729515279
2,0,573.18,1.272,492.55,310.326,151.859,553.47,557.11,10.46,4.48,29.97,10.75,26.95,493.31,483.31,216957436000,488.79249999999996,0.231143,486.0,46.3,1.797,1.0113279572951528,1.0050582677489166,14.03,10.88,5761.525,555127.0,0.0,0.0,46.3,2538880,638.25,331.89,1,-0.3332191062669687
3,0,621.87,1.272,487.22,312.332,153.242,553.54,554.68,10.45,4.48,30.49,10.94,22.42,491.765,480.28,220662399000,487.16375,0.2765163333333333,489.39,47.13,1.496,0.9966678089373303,1.0017092215716614,14.28,11.07,5761.525,555127.0,0.0,0.06016656011343,47.13,2487870,638.25,331.89,2,-0.4415866328313589
3,0,621.87,1.272,484.28,312.332,153.306,553.55,551.82,10.48,4.48,30.16,10.81,27.1,488.67,479.74,218274562000,485.0125,0.2230553333333333,487.36,46.49,1.808,0.9955841336716864,1.0035070114365816,14.12,10.95,5761.525,555127.0,0.0,0.0,46.49,2978539,638.25,331.89,3,-2.0942759207236983
2,0,572.66,1.272,474.09,312.332,153.24,553.58,548.94,10.46,4.48,29.97,10.75,26.95,478.78,468.6,216957436000,474.85499999999996,0.2405605,477.95,46.3,1.797,0.979057240792763,0.9714858554499097,14.03,10.88,5761.525,555127.0,0.0,0.0,46.3,5621945,638.25,331.89,4,0.0
0,0,621.87,1.272,474.09,312.332,153.24,553.5,546.07,10.48,4.48,29.33,10.52,26.39,478.78,468.6,212392313000,474.85499999999996,0.0,477.95,45.24,1.759,1.0,0.9747338548896546,13.74,10.65,5761.525,555127.0,0.0,0.2499986290931701,45.24,5621945,638.25,331.89,5,0.0
0,0,621.87,1.272,474.09,312.332,153.802,553.5,546.07,10.48,4.48,29.33,10.52,26.39,478.78,468.6,212392313000,474.85499999999996,0.0,477.95,45.24,1.759,1.0,0.979057240792763,13.74,10.65,5761.525,555127.0,0.0,0.2221250087022781,45.24,5621945,638.25,331.89,6,-0.2858767413210339
1,0,621.87,1.272,470.1,312.332,154.547,553.5,546.07,10.48,4.48,29.33,10.52,26.39,478.52,468.35,212392313000,473.49749999999995,0.068148,477.02,45.24,1.759,0.9971412325867897,0.9971412325867897,13.74,10.65,5761.525,614526.0,0.0,-0.4936643143494924,45.24,3353225,638.25,331.89,0,-0.0158395767664965
3,0,621.87,1.272,476.22,312.332,154.561,553.44,542.91,10.48,4.48,29.33,10.52,26.39,478.98,468.49,210604802000,473.4225,0.259112,470.0,44.86,1.759,0.999841604232335,0.9969832896357836,13.74,10.65,5761.525,614526.0,0.0,0.153092473745346,44.86,2660097,638.25,331.89,1,0.6218018788713975
2,0,621.87,1.272,474.45,312.332,154.37,553.4,539.74,10.48,4.48,29.33,10.52,26.39,481.02,472.685,213346566000,476.36625,-0.0369095,477.31,45.44,1.759,1.006218018788714,1.003182550462773,13.74,10.65,5761.525,614526.0,0.0,0.0,45.44,2034793,638.25,331.89,2,-0.3198694281973058
2,0,621.87,1.272,473.18,312.332,154.48,553.4,539.74,10.48,4.48,29.33,10.52,26.39,477.605,471.825,213346566000,474.84250000000003,0.259569,476.76,45.44,1.759,0.9968013057180269,1.0028405641001275,13.74,10.65,5761.525,614526.0,0.0,-0.8150264918804169,45.44,2389742,638.25,331.89,3,-0.9550482528417392
1,1,585.48,1.272,465.02,312.332,154.562,553.27,533.94,10.46,4.48,29.33,10.52,26.39,476.58,463.0901,211984630000,470.307525,0.129779,476.54,45.24,1.759,0.9904495174715826,0.9934203063859449,13.74,10.65,5761.525,614526.0,0.0,0.0,45.24,3282142,638.25,331.89,4,0.0
0,0,621.87,1.272,465.02,312.332,154.562,553.16,530.93,10.46,4.48,29.33,10.52,26.39,476.58,463.0901,208328950000,470.307525,0.0,476.54,44.46,1.759,1.0,0.9872813722634632,13.74,10.65,5761.525,614526.0,0.0,0.0,44.46,3282142,638.25,331.89,5,0.0
1,0,584.23,1.272,465.02,312.332,154.713,553.16,530.93,10.46,4.48,29.33,10.52,26.39,476.58,463.0901,208328950000,470.307525,0.212766,476.54,44.46,1.759,1.0,0.9904495174715826,13.74,10.65,5761.525,614526.0,0.0,-0.166026105483373,44.46,3282142,638.25,331.89,6,-0.5499114648442105
2,0,621.87,1.272,466.89,312.332,154.826,553.16,530.93,10.46,4.48,29.33,10.52,26.39,471.5,462.28,208328950000,467.72124999999994,0.35219,470.215,44.46,1.759,0.9945008853515579,0.9945008853515579,13.74,10.65,5761.525,614526.0,0.0,0.0,44.46,2604256,638.25,331.89,0,0.7683529452638727
6,0,621.87,1.272,472.9,312.332,154.875,553.09,527.95,10.46,4.48,29.33,10.52,26.39,474.81,467.83,209166729000,471.31499999999994,0.2158763333333333,469.72,44.64,1.759,1.0076835294526387,1.0021421621948319,13.74,10.65,5761.525,611862.0,-0.4954444766044616,0.4832883278528849,44.64,2205836,638.25,331.89,1,0.8008603587834173
1,0,583.46,1.272,477.12,312.332,155.652,553.02,524.86,10.45,4.48,29.33,10.52,26.39,478.57,471.7283,211859194000,475.08957499999997,0.289697,472.94,45.25,1.759,1.0080086035878342,1.0101679215105053,13.74,10.65,5761.525,611862.0,0.0,0.4991584420204162,45.25,2338044,638.25,331.89,2,-0.9589823140193965
1,0,621.87,1.272,473.44,312.332,156.574,552.93,522.17,10.45,4.48,29.33,10.52,26.39,474.5042,465.78,213749760000,470.53355000000005,0.341177,468.41,45.66,1.759,0.990410176859806,1.0060127693578176,13.74,10.65,5575.067,611862.0,0.0,-0.0971033546854468,45.66,2250913,638.25,331.89,3,1.1800858833551642
2,0,621.87,1.272,477.56,312.332,158.296,552.93,522.17,10.45,4.48,29.33,10.52,26.39,482.79,471.685,213749760000,476.08625,0.1394215,472.31,45.66,1.759,1.0118008588335516,1.0101232721216173,13.74,10.65,5575.067,611862.0,0.0,0.3332606256008148,45.66,2460261,638.25,331.89,4,0.0
0,1,621.87,1.272,477.56,312.332,158.296,552.62,517.06,10.46,4.48,29.33,10.52,26.39,482.79,471.685,213946876000,476.08625,0.0,472.31,45.66,1.759,1.0,1.0020978675442416,13.74,10.65,5575.067,611862.0,0.0020194947719573,-0.1243683993816375,45.66,2460261,638.25,331.89,5,0.0
0,0,621.87,1.272,477.56,312.332,155.802,552.62,517.06,10.46,4.48,29.33,10.52,26.39,482.79,471.685,213946876000,476.08625,0.0,472.31,45.66,1.759,1.0,1.0118008588335516,13.74,10.65,5575.067,611862.0,0.0,-0.2486629486083984,45.66,2460261,638.25,331.89,6,-0.025625608805135425
0,0,621.87,1.272,473.07,312.332,156.902,552.62,517.06,10.46,4.48,29.33,10.52,26.39,481.677,471.07,213946876000,475.96425,0.0,478.04,45.66,1.759,0.9997437439119486,0.9997437439119486,13.74,10.65,5575.067,611862.0,0.0,0.0,45.66,2954736,638.25,331.89,0,-1.6359947201916913
1,0,580.95,1.272,462.83,312.332,157.912,552.4,514.71,10.45,4.48,29.33,10.52,26.39,475.42,462.46,211935363000,468.1775,0.290561,472.0,45.27,1.759,0.9836400527980831,0.9833879890461025,13.74,10.65,5575.067,611862.0,0.0,-0.0998637020587921,45.27,3222618,638.25,331.89,1,-0.21786608711439337
2,0,621.87,1.272,469.39,312.332,155.107,552.14,513.03,10.45,4.18,29.33,10.52,26.39,477.76,460.36,207347827000,467.1575,0.1814195,461.12,44.29,1.759,0.9978213391288561,0.9812455201132149,13.74,10.65,5575.067,611862.0,0.0,0.0,44.29,2490171,638.25,331.89,2,1.482069751636228
2,0,621.87,1.272,476.57,312.332,153.112,551.88,511.58,10.46,4.48,29.33,10.52,26.39,477.155,468.2994,210286723000,474.0811,0.160697,474.3,44.87,1.759,1.0148206975163623,0.9960435053683129,13.74,10.65,5575.067,611862.0,0.0,0.0,44.87,2516422,638.25,331.89,3,1.9606666454326183
3,0,621.87,1.272,486.18,312.332,152.949,551.88,511.58,10.49,4.48,29.33,10.52,26.39,487.49,477.565,213503361000,483.37625,0.3086686666666666,482.27,45.43,1.759,1.0196066664543262,1.032463648936568,13.74,10.65,5575.067,611862.0,0.4159083863099416,-0.1252231299877166,45.43,2833186,638.25,331.89,4,0.0
0,0,580.02,1.272,486.18,312.332,152.949,551.6,510.34,10.45,4.48,29.33,10.52,26.39,487.49,477.565,217808634000,483.37625,0.0,482.27,46.52,1.759,1.0,1.034717948443512,13.74,10.65,5575.067,611862.0,0.0,0.0,46.52,2833186,638.25,331.89,5,0.0
0,0,621.87,1.272,486.18,312.332,153.76,551.6,510.34,10.45,4.48,29.33,10.52,26.39,487.49,477.565,217808634000,483.37625,0.0,482.27,46.52,1.759,1.0,1.0196066664543262,13.74,10.65,5575.067,611862.0,0.0,-0.1618009010950724,46.52,2833186,638.25,331.89,6,1.739069720533415
3,0,621.87,1.272,493.59,312.332,154.522,551.6,510.34,10.45,4.48,29.33,10.52,26.39,495.44,488.0,217808634000,491.78249999999997,0.2449596666666666,490.1,46.52,1.759,1.0173906972053341,1.0173906972053341,13.74,10.65,5575.067,611862.0,0.0,0.0,46.52,2104030,638.25,331.89,0,0.18021178061440324
1,0,621.87,1.272,492.27,312.332,155.449,551.39,509.31,10.47,4.48,29.33,10.52,26.39,496.755,489.14,221128311000,492.66875,0.24013,492.51,47.14,1.759,1.001802117806144,1.0192241550965733,13.74,10.65,5575.067,611862.0,0.0,0.1665352384249369,47.14,2518346,638.25,331.89,1,-0.5010973397439833
1,0,621.87,1.272,488.1,312.332,155.549,551.14,506.75,10.49,4.48,29.33,10.52,26.39,495.81,486.92,220536963000,490.20000000000005,0.151709,489.97,46.93,1.759,0.9949890266025602,1.0141168499693562,13.74,10.65,5575.067,611862.0,0.0,0.2711410116065632,46.93,2165021,638.25,331.89,2,-0.849326805385564
3,0,621.87,1.281,482.65,312.332,155.728,550.96,505.47,10.49,4.48,29.33,10.52,26.39,490.4364,481.65,218668810000,486.0366,0.2298496666666666,489.41,46.53,1.759,0.9915067319461444,0.9883161763584513,13.74,10.65,5575.067,611862.0,0.0,0.0,46.53,2301635,638.25,331.89,3,-0.44113961788063705
0,0,578.46,1.281,482.29,312.332,155.703,550.75,504.08,10.47,4.48,29.33,10.52,26.39,489.48,480.3,216227201000,483.8925,0.0,483.5,46.1,1.759,0.9955886038211936,0.982186306722316,13.74,10.65,5575.067,611862.0,0.0,0.0,46.1,2741116,638.25,333.01,4,0.0
0,0,621.87,1.281,482.29,312.332,155.703,550.58,502.52,10.47,4.48,29.33,10.52,26.39,489.48,480.3,216065917000,483.8925,0.0,483.5,46.06,1.759,1.0,0.9871328029375763,13.74,10.65,5575.067,611862.0,0.0,0.0,46.06,2741116,638.25,333.01,5,0.0
0,0,621.87,1.281,482.29,312.332,155.759,550.58,502.52,10.47,4.48,29.33,10.52,26.39,489.48,480.3,216065917000,483.8925,0.0,483.5,46.06,1.759,1.0,0.9955886038211936,13.74,10.65,5575.067,611862.0,0.0,0.4999989867210388,46.06,2741116,638.25,333.01,6,0.29189851051629745
0,0,621.87,1.281,483.11,312.332,156.408,550.58,502.52,10.47,4.48,29.33,10.52,26.39,490.1599,481.71,216065917000,485.304975,0.0,486.24,46.06,1.759,1.002918985105163,1.002918985105163,13.74,10.65,5575.067,611862.0,0.0,0.0,46.06,2458192,638.25,341.17,0,-1.884376932257903
2,0,621.87,1.281,475.95,312.332,156.393,550.58,502.52,10.47,4.48,29.33,10.52,26.39,481.8,466.48,216065917000,476.16,0.2769534999999999,480.41,46.06,1.759,0.981156230677421,0.9840202111006061,13.74,10.65,5575.067,611862.0,0.1721404790878296,0.3217010945081711,46.06,4287846,638.25,345.12,1,1.4538180443548265
2,0,621.87,1.281,485.35,313.548,153.968,550.17,498.93,10.47,4.48,29.33,10.52,26.39,489.61,476.61,216433508000,483.0825,0.2840135,480.76,45.46,1.759,1.0145381804435483,0.9983260744896852,13.74,10.65,5575.067,607395.0,0.0,0.1207536607980728,45.46,3491638,638.25,356.45,2,0.0
