date_collection,amount_news_name,sentiment_name,amount_news_ceo,sentiment_ceo,date_global_quote,open,high,low,close,volume,alpha_news_amount,news_sentiment_mean,date_currency_exchange_rate,currency_exchange_rate,date_retail_sales,retail_sales,date_cpi,cpi,date_unemployment,unemployment,market_capitalization,ebitda,pe_ratio,peg_ratio,book_value,dividend_per_share,dividend_yield,eps,revenue_per_share_ttm,profit_margin,operating_margin_ttm,return_on_assets_ttm,return_on_equity_ttm,revenue_ttm,gross_profit_ttm,diluted_eps_ttm,quarterly_earnings_growth_yoy,quarterly_revenue_growth_yoy,analyst_target_price,trailing_pe,forward_pe,price_to_sales_ratio_ttm,price_to_book_ratio,ev_to_revenue,ev_to_ebitda,beta,week_high_52,week_low_52,day_moving_average_50,day_moving_average_200,shares_outstanding,fiscal_date_ending,reported_currency,gross_profit,total_revenue,cost_of_revenue,cost_of_goods_and_services_sold,operating_income,selling_general_and_administrative,research_and_development,operating_expenses,investment_income_net,net_interest_income,interest_income,interest_expense,non_interest_income,other_non_operating_income,depreciation,depreciation_and_amortization,income_before_tax,income_tax_expense,interest_and_debt_expense,net_income_from_continuing_operations,comprehensive_income_net_of_tax,ebit,net_income,total_assets,total_current_assets,cash_and_cash_equivalents,cash_and_short_term_investments,inventory,current_net_receivables,total_non_current_assets,property_plant_equipment,accumulated_depreciation_amortization_ppe,intangible_assets,intangible_assets_excluding_goodwill,goodwill,investments,long_term_investments,short_term_investments,other_current_assets,other_non_current_assets,total_liabilities,total_current_liabilities,current_accounts_payable,deferred_revenue,current_debt,short_term_debt,total_non_current_liabilities,capital_lease_obligations,long_term_debt,current_long_term_debt,long_term_debt_noncurrent,short_long_term_debt_total,other_current_liabilities,other_non_current_liabilities,total_shareholder_equity,treasury_stock,retained_earnings,common_stock,common_stock_shares_outstanding,date_federal_funds_rate,federal_funds_rate,date_gdp,real_gdp,date_inflation,inflation
2024-06-17,99,-0.2803588371084194,2,-0.2587193548679352,2024-06-17,525.51,525.94,505.38,518.74,7163820,13,0.1249843846153846,,157.86,2024-04-01,607395.0,2024-05-01,314.069,2024-05-01,4.0,232395522000,1079000000,46.73,1.759,33.06,,,11.1,45.04,0.249,0.355,0.156,0.342,20429001000,15441000000,11.1,0.238,0.102,571.66,46.73,26.39,10.65,13.74,10.52,29.33,1.269,638.25,433.97,475.5,544.14,448000000,2024-03-01,USD,4592000000,5182000000,590000000,42000000,907000000,1704000000,939000000,3685000000,,-27000000.0,,27000000,,70000000,,84000000,968000000,348000000,27000000.0,620000000,628000000,995000000,620000000,28751000000,10008000000,6254000000,6820000000,,2057000000,19754000000,1988000000,,14825000000,2022000000,12803000000,566000000,,566000000,978000000,1265000000,13291000000,9537000000,300000000,12220000000,1497000000,1570000000,1616000000,451000000.0,2138000000,1497000000.0,,2138000000,1692000000,435000000,15460000000,30109000000,33809000000,0,453000000,2024-06-14,5.33,2024-01-01,5569.132,2022-01-01,8.00279982052121
2024-06-18,79,-0.0325536511756561,0,0.0,2024-06-18,514.71,530.37,513.13,522.25,4217550,9,0.2991364444444444,,157.781,2024-05-01,643433.0,2024-05-01,314.069,2024-05-01,4.0,232395522000,1079000000,46.73,1.759,33.06,,,11.1,45.04,0.249,0.355,0.156,0.342,20429001000,15441000000,11.1,0.238,0.102,571.66,46.73,26.39,10.65,13.74,10.52,29.33,1.269,638.25,433.97,475.5,544.14,448000000,2024-03-01,USD,4592000000,5182000000,590000000,42000000,907000000,1704000000,939000000,3685000000,,-27000000.0,,27000000,,70000000,,84000000,968000000,348000000,27000000.0,620000000,628000000,995000000,620000000,28751000000,10008000000,6254000000,6820000000,,2057000000,19754000000,1988000000,,14825000000,2022000000,12803000000,566000000,,566000000,978000000,1265000000,13291000000,9537000000,300000000,12220000000,1497000000,1570000000,1616000000,451000000.0,2138000000,1497000000.0,,2138000000,1692000000,435000000,15460000000,30109000000,33809000000,0,453000000,2024-06-17,5.33,2024-01-01,5569.132,2022-01-01,8.00279982052121
2024-06-19,8,-0.2499621585011482,0,0.0,2024-06-18,514.71,530.37,513.13,522.25,4225943,7,0.3544844285714285,,158.058,2024-05-01,643433.0,2024-05-01,314.069,2024-05-01,4.0,233967993000,1079000000,46.96,1.759,33.06,,,11.12,45.04,0.249,0.355,0.156,0.342,20429001000,15441000000,11.12,0.238,0.102,613.79,46.96,26.39,10.65,13.74,10.52,29.33,1.269,638.25,433.97,476.26,543.96,448000000,2024-03-01,USD,4592000000,5182000000,590000000,42000000,907000000,1704000000,939000000,3685000000,,-27000000.0,,27000000,,70000000,,84000000,968000000,348000000,27000000.0,620000000,628000000,995000000,620000000,28751000000,10008000000,6254000000,6820000000,,2057000000,19754000000,1988000000,,14825000000,2022000000,12803000000,566000000,,566000000,978000000,1265000000,13291000000,9537000000,300000000,12220000000,1497000000,1570000000,1616000000,451000000.0,2138000000,1497000000.0,,2138000000,1692000000,435000000,15460000000,30109000000,33809000000,0,453000000,2024-06-17,5.33,2024-01-01,5569.132,2022-01-01,8.00279982052121
2024-06-20,5,-0.198965138859219,0,0.0,2024-06-20,527.665,533.23,520.4,522.95,5661177,6,0.2743078333333333,,158.974,2024-05-01,643433.0,2024-05-01,314.069,2024-05-01,4.0,233967993000,1079000000,46.96,1.759,33.06,,,11.12,45.04,0.249,0.355,0.156,0.342,20429001000,15441000000,11.12,0.238,0.102,610.79,46.96,26.39,10.65,13.74,10.52,29.33,1.269,638.25,433.97,476.26,543.96,448000000,2024-03-01,USD,4592000000,5182000000,590000000,42000000,907000000,1704000000,939000000,3685000000,,-27000000.0,,27000000,,70000000,,84000000,968000000,348000000,27000000.0,620000000,628000000,995000000,620000000,28751000000,10008000000,6254000000,6820000000,,2057000000,19754000000,1988000000,,14825000000,2022000000,12803000000,566000000,,566000000,978000000,1265000000,13291000000,9537000000,300000000,12220000000,1497000000,1570000000,1616000000,451000000.0,2138000000,1497000000.0,,2138000000,1692000000,435000000,15460000000,30109000000,33809000000,0,453000000,2024-06-19,5.33,2024-01-01,5569.132,2022-01-01,8.00279982052121
2024-06-21,16,0.0713589084999901,0,0.0,2024-06-21,530.31,535.0,524.715,533.44,6557583,4,0.2608285,,159.767,2024-05-01,643433.0,2024-05-01,314.069,2024-05-01,4.0,234281599000,1079000000,47.2,1.759,33.06,,,11.08,45.04,0.249,0.355,0.156,0.342,20429001000,15441000000,11.08,0.238,0.102,568.15,47.2,26.39,10.65,13.74,10.52,29.33,1.269,638.25,433.97,476.86,543.76,448000000,2024-03-01,USD,4592000000,5182000000,590000000,42000000,907000000,1704000000,939000000,3685000000,,-27000000.0,,27000000,,70000000,,84000000,968000000,348000000,27000000.0,620000000,628000000,995000000,620000000,28751000000,10008000000,6254000000,6820000000,,2057000000,19754000000,1988000000,,14825000000,2022000000,12803000000,566000000,,566000000,978000000,1265000000,13291000000,9537000000,300000000,12220000000,1497000000,1570000000,1616000000,451000000.0,2138000000,1497000000.0,,2138000000,1692000000,435000000,15460000000,30109000000,33809000000,0,453000000,2024-06-20,5.33,2024-01-01,5569.132,2022-01-01,8.00279982052121
2024-06-22,2,0.0,0,0.0,2024-06-21,530.31,535.0,524.715,533.44,6614086,2,0.247985,,159.767,2024-05-01,643433.0,2024-05-01,314.069,2024-05-01,4.0,234281599000,1079000000,47.2,1.759,33.06,,,11.08,45.04,0.249,0.355,0.156,0.342,20429001000,15441000000,11.08,0.238,0.102,568.15,47.2,26.39,10.65,13.74,10.52,29.33,1.269,638.25,433.97,476.86,543.76,448000000,2024-03-01,USD,4592000000,5182000000,590000000,42000000,907000000,1704000000,939000000,3685000000,,-27000000.0,,27000000,,70000000,,84000000,968000000,348000000,27000000.0,620000000,628000000,995000000,620000000,28751000000,10008000000,6254000000,6820000000,,2057000000,19754000000,1988000000,,14825000000,2022000000,12803000000,566000000,,566000000,978000000,1265000000,13291000000,9537000000,300000000,12220000000,1497000000,1570000000,1616000000,451000000.0,2138000000,1497000000.0,,2138000000,1692000000,435000000,15460000000,30109000000,33809000000,0,453000000,2024-06-20,5.33,2024-01-01,5569.132,2022-01-01,8.00279982052121
2024-06-23,0,0.0,0,0.0,2024-06-21,530.31,535.0,524.715,533.44,6614086,1,0.383092,,159.725,2024-05-01,643433.0,2024-05-01,314.069,2024-05-01,4.0,238981120000,1079000000,48.06,1.759,33.06,,,11.1,45.04,0.249,0.355,0.156,0.342,20429001000,15441000000,11.1,0.238,0.102,610.32,48.06,26.39,10.65,13.74,10.52,29.33,1.269,638.25,433.97,477.79,543.6,448000000,2024-03-01,USD,4592000000,5182000000,590000000,42000000,907000000,1704000000,939000000,3685000000,,-27000000.0,,27000000,,70000000,,84000000,968000000,348000000,27000000.0,620000000,628000000,995000000,620000000,28751000000,10008000000,6254000000,6820000000,,2057000000,19754000000,1988000000,,14825000000,2022000000,12803000000,566000000,,566000000,978000000,1265000000,13291000000,9537000000,300000000,12220000000,1497000000,1570000000,1616000000,451000000.0,2138000000,1497000000.0,,2138000000,1692000000,435000000,15460000000,30109000000,33809000000,0,453000000,2024-06-20,5.33,2024-01-01,5569.132,2022-01-01,8.00279982052121
2024-06-24,10,0.0472066849470138,0,0.0,2024-06-24,532.1,534.58,523.48,524.17,3048749,4,0.20967625,,159.398,2024-05-01,643433.0,2024-05-01,314.069,2024-05-01,4.0,238981120000,1079000000,48.06,1.759,33.06,,,11.1,45.04,0.249,0.355,0.156,0.342,20429001000,15441000000,11.1,0.238,0.102,610.32,48.06,26.39,10.65,13.74,10.52,29.33,1.269,638.25,433.97,477.79,543.6,448000000,2024-03-01,USD,4592000000,5182000000,590000000,42000000,907000000,1704000000,939000000,3685000000,,-27000000.0,,27000000,,70000000,,84000000,968000000,348000000,27000000.0,620000000,628000000,995000000,620000000,28751000000,10008000000,6254000000,6820000000,,2057000000,19754000000,1988000000,,14825000000,2022000000,12803000000,566000000,,566000000,978000000,1265000000,13291000000,9537000000,300000000,12220000000,1497000000,1570000000,1616000000,451000000.0,2138000000,1497000000.0,,2138000000,1692000000,435000000,15460000000,30109000000,33809000000,0,453000000,2024-06-21,5.33,2024-01-01,5569.132,2022-01-01,8.00279982052121
2024-06-25,4,0.1195602864027023,0,0.0,2024-06-25,526.2,529.68,522.24,526.88,3128622,2,0.291675,,159.776,2024-05-01,643433.0,2024-05-01,314.069,2024-05-01,4.0,234828153000,1079000000,47.18,1.759,33.06,,,11.11,45.04,0.249,0.355,0.156,0.342,20429001000,15441000000,11.11,0.238,0.102,570.1,47.18,26.39,10.65,13.74,10.52,29.33,1.269,638.25,433.97,478.59,543.41,448000000,2024-03-01,USD,4592000000,5182000000,590000000,42000000,907000000,1704000000,939000000,3685000000,,-27000000.0,,27000000,,70000000,,84000000,968000000,348000000,27000000.0,620000000,628000000,995000000,620000000,28751000000,10008000000,6254000000,6820000000,,2057000000,19754000000,1988000000,,14825000000,2022000000,12803000000,566000000,,566000000,978000000,1265000000,13291000000,9537000000,300000000,12220000000,1497000000,1570000000,1616000000,451000000.0,2138000000,1497000000.0,,2138000000,1692000000,435000000,15460000000,30109000000,33809000000,0,453000000,2024-06-24,5.33,2024-01-01,5569.132,2022-01-01,8.00279982052121
2024-06-26,9,0.0573902097013261,0,0.0,2024-06-26,528.58,530.66,526.01,528.66,2759732,3,0.2981313333333333,,160.456,2024-05-01,643433.0,2024-05-01,314.069,2024-05-01,4.0,236042240000,1079000000,47.38,1.759,33.06,,,11.12,45.04,0.249,0.355,0.156,0.342,20429001000,15441000000,11.12,0.238,0.102,571.05,47.38,26.39,10.65,13.74,10.52,29.33,1.269,638.25,433.97,479.64,543.24,448000000,2024-03-01,USD,4592000000,5182000000,590000000,42000000,907000000,1704000000,939000000,3685000000,,-27000000.0,,27000000,,70000000,,84000000,968000000,348000000,27000000.0,620000000,628000000,995000000,620000000,28751000000,10008000000,6254000000,6820000000,,2057000000,19754000000,1988000000,,14825000000,2022000000,12803000000,566000000,,566000000,978000000,1265000000,13291000000,9537000000,300000000,12220000000,1497000000,1570000000,1616000000,451000000.0,2138000000,1497000000.0,,2138000000,1692000000,435000000,15460000000,30109000000,33809000000,0,453000000,2024-06-25,5.33,2024-01-01,5569.132,2022-01-01,8.00279982052121
2024-06-27,13,0.0574595481157302,0,0.0,2024-06-27,533.21,549.16,532.1,546.76,4485648,4,0.20807425,,161.057,2024-05-01,643433.0,2024-05-01,314.069,2024-05-01,4.0,236839666000,2055000000,47.63,1.759,33.06,,,11.1,45.04,0.249,0.355,0.156,0.342,20429001000,15441000000,11.1,0.238,0.102,610.32,47.63,26.39,10.65,13.74,10.52,29.33,1.269,638.25,433.97,480.81,543.09,448000000,2024-05-31,USD,4711000000,5309000000,598000000,42000000,1885000000,1800000000,984000000,2826000000,,,,41000000,,82000000,,84000000,1930000000,357000000,,1573000000,1574000000,1971000000,1573000000,30007000000,11023000000,7660000000,8065000000,,1612000000,19917000000,1969000000,,14669000000,1866000000,12803000000,405000000,,405000000,1346000000,1462000000,15164000000,9474000000,357000000,11376000000,1498000000,1565000000,1563000000,,4127000000,,,4127000000,1994000000,446000000,14843000000,32612000000,35227000000,0,449000000,2024-06-26,5.33,2024-01-01,5573.099,2022-01-01,8.00279982052121
2024-06-28,4,0.0,0,0.0,2024-06-28,549.7,558.48,548.01,555.54,5077912,2,0.2346134999999999,,160.835,2024-05-01,643433.0,2024-05-01,314.069,2024-05-01,4.0,242433393000,2055000000,49.26,1.759,33.06,,,11.1,45.04,0.249,0.355,0.156,0.342,20429001000,15441000000,11.1,0.238,0.102,610.32,49.26,26.39,10.65,13.74,10.52,29.33,1.269,638.25,433.97,482.22,543.0,443400000,2024-05-31,USD,4711000000,5309000000,598000000,42000000,1885000000,1800000000,984000000,2826000000,,-41000000.0,,41000000,,82000000,,84000000,1930000000,357000000,,1573000000,1574000000,1971000000,1573000000,30007000000,11023000000,7660000000,8065000000,,1612000000,19917000000,1969000000,,14669000000,1866000000,12803000000,405000000,,405000000,1346000000,1462000000,15164000000,9474000000,357000000,11376000000,1498000000,1565000000,1563000000,465000000.0,4127000000,1498000000.0,,4127000000,1994000000,446000000,14843000000,32612000000,35227000000,0,449000000,2024-06-27,5.33,2024-01-01,5573.099,2022-01-01,8.00279982052121
2024-06-29,3,0.3333332538604736,0,0.0,2024-06-28,549.7,558.48,548.01,555.54,5084543,0,0.0,,160.835,2024-05-01,643433.0,2024-05-01,314.069,2024-05-01,4.0,246326428000,2055000000,50.0,1.759,33.06,,,11.11,45.06,0.249,0.355,0.156,0.342,20429001000,15441000000,11.11,0.238,0.102,571.46,50.0,26.39,10.65,13.74,10.52,29.33,1.269,638.25,433.97,483.85,543.06,443400000,2024-05-31,USD,4711000000,5309000000,598000000,42000000,1885000000,1800000000,984000000,2826000000,,-41000000.0,,41000000,,82000000,,84000000,1930000000,357000000,,1573000000,1574000000,1971000000,1573000000,30007000000,11023000000,7660000000,8065000000,,1612000000,19917000000,1969000000,,14669000000,1866000000,12803000000,405000000,,405000000,1346000000,1462000000,15164000000,9474000000,357000000,11376000000,1498000000,1565000000,1563000000,465000000.0,4127000000,1498000000.0,,4127000000,1994000000,446000000,14843000000,32612000000,35227000000,0,449000000,2024-06-27,5.33,2024-01-01,5573.099,2022-01-01,8.00279982052121
2024-06-30,1,0.0,0,0.0,2024-06-28,549.7,558.48,548.01,555.54,5084543,0,0.0,,160.9,2024-05-01,643433.0,2024-05-01,314.069,2024-05-01,4.0,246326428000,2055000000,50.0,1.759,33.06,,,11.11,45.06,0.249,0.355,0.156,0.342,20429001000,15441000000,11.11,0.238,0.102,610.32,50.0,26.39,10.65,13.74,10.52,29.33,1.269,638.25,433.97,483.85,543.06,443400000,2024-05-31,USD,4711000000,5309000000,598000000,42000000,1885000000,1800000000,984000000,2826000000,,-41000000.0,,41000000,,82000000,,84000000,1930000000,357000000,,1573000000,1574000000,1971000000,1573000000,30007000000,11023000000,7660000000,8065000000,,1612000000,19917000000,1969000000,,14669000000,1866000000,12803000000,405000000,,405000000,1346000000,1462000000,15164000000,9474000000,357000000,11376000000,1498000000,1565000000,1563000000,465000000.0,4127000000,1498000000.0,,4127000000,1994000000,446000000,14843000000,32612000000,35227000000,0,449000000,2024-06-27,5.33,2024-01-01,5573.099,2022-01-01,8.00279982052121
2024-07-01,1,0.0,0,0.0,2024-07-01,551.37,561.21,549.73,560.01,3067286,2,0.3113574999999999,,161.598,2024-05-01,643433.0,2024-05-01,314.069,2024-05-01,4.0,246326428000,2055000000,50.0,1.759,33.06,,,11.11,45.06,0.249,0.355,0.156,0.342,20429001000,15441000000,11.11,0.238,0.102,610.32,50.0,26.39,10.65,13.74,10.52,29.33,1.269,638.25,433.97,483.85,543.06,443400000,2024-05-31,USD,4711000000,5309000000,598000000,42000000,1885000000,1800000000,984000000,2826000000,,-41000000.0,,41000000,,82000000,,84000000,1930000000,357000000,,1573000000,1574000000,1971000000,1573000000,30007000000,11023000000,7660000000,8065000000,,1612000000,19917000000,1969000000,,14669000000,1866000000,12803000000,405000000,,405000000,1346000000,1462000000,15164000000,9474000000,357000000,11376000000,1498000000,1565000000,1563000000,465000000.0,4127000000,1498000000.0,,4127000000,1994000000,446000000,14843000000,32612000000,35227000000,0,449000000,2024-06-28,5.33,2024-01-01,5573.099,2022-01-01,8.00279982052121
2024-07-02,19,-0.0807502495275961,0,0.0,2024-07-02,560.0,570.14,560.0,567.71,3054491,1,0.279238,,161.872,2024-05-01,643433.0,2024-05-01,314.069,2024-05-01,4.0,248308433000,2055000000,50.5,1.759,33.06,,,11.09,45.06,0.249,0.355,0.156,0.342,20429001000,15441000000,11.09,0.238,0.102,610.32,50.5,26.39,10.65,13.74,10.52,29.33,1.269,638.25,433.97,485.58,543.1,443400000,2024-05-31,USD,4711000000,5309000000,598000000,42000000,1885000000,1800000000,984000000,2826000000,,-41000000.0,,41000000,,82000000,,84000000,1930000000,357000000,,1573000000,1574000000,1971000000,1573000000,30007000000,11023000000,7660000000,8065000000,,1612000000,19917000000,1969000000,,14669000000,1866000000,12803000000,405000000,,405000000,1346000000,1462000000,15164000000,9474000000,357000000,11376000000,1498000000,1565000000,1563000000,465000000.0,4127000000,1498000000.0,,4127000000,1994000000,446000000,14843000000,32612000000,35227000000,0,449000000,2024-07-01,5.33,2024-01-01,5573.099,2023-01-01,4.11633838374488
2024-07-03,8,0.0608968138694763,0,0.0,2024-07-03,564.292,571.83,564.0001,570.15,1536492,5,0.2863654,,161.342,2024-05-01,643433.0,2024-05-01,314.069,2024-05-01,4.0,251722629000,2055000000,51.01,1.759,33.06,,,11.13,45.06,0.249,0.355,0.156,0.342,20429001000,15441000000,11.13,0.238,0.102,610.32,51.01,26.39,10.65,13.74,10.52,29.33,1.269,638.25,433.97,487.64,543.17,443400000,2024-05-31,USD,4711000000,5309000000,598000000,42000000,1885000000,1800000000,984000000,2826000000,,-41000000.0,,41000000,,82000000,,84000000,1930000000,357000000,,1573000000,1574000000,1971000000,1573000000,30007000000,11023000000,7660000000,8065000000,,1612000000,19917000000,1969000000,,14669000000,1866000000,12803000000,405000000,,405000000,1346000000,1462000000,15164000000,9474000000,357000000,11376000000,1498000000,1565000000,1563000000,465000000.0,4127000000,1498000000.0,,4127000000,1994000000,446000000,14843000000,32612000000,35227000000,0,449000000,2024-07-02,5.33,2024-01-01,5573.099,2023-01-01,4.11633838374488
2024-07-04,3,0.1666666666666666,0,0.0,2024-07-03,564.292,571.83,564.0001,570.15,1664373,3,0.3224983333333333,,161.015,2024-05-01,643433.0,2024-05-01,314.069,2024-05-01,4.0,252804514000,2055000000,51.27,1.759,33.06,,,11.12,45.06,0.249,0.355,0.156,0.342,20429001000,15441000000,11.12,0.238,0.102,569.4,51.27,26.39,10.65,13.74,10.52,29.33,1.269,638.25,433.97,489.7,543.38,443400000,2024-05-31,USD,4711000000,5309000000,598000000,42000000,1885000000,1800000000,984000000,2826000000,,-41000000.0,,41000000,,82000000,,84000000,1930000000,357000000,,1573000000,1574000000,1971000000,1573000000,30007000000,11023000000,7660000000,8065000000,,1612000000,19917000000,1969000000,,14669000000,1866000000,12803000000,405000000,,405000000,1346000000,1462000000,15164000000,9474000000,357000000,11376000000,1498000000,1565000000,1563000000,465000000.0,4127000000,1498000000.0,,4127000000,1994000000,446000000,14843000000,32612000000,35227000000,0,449000000,2024-07-02,5.33,2024-01-01,5573.099,2023-01-01,4.11633838374488
2024-07-05,5,0.0,0,0.0,2024-07-05,570.91,580.55,568.92,578.34,2805946,4,0.3577115,,160.719,2024-05-01,643433.0,2024-05-01,314.069,2024-06-01,4.1,252804514000,2055000000,51.27,1.759,33.06,,,11.12,45.06,0.249,0.355,0.156,0.342,20429001000,15441000000,11.12,0.238,0.102,568.8,51.27,26.39,10.65,13.74,10.52,29.33,1.297,638.25,433.97,489.7,543.38,443400000,2024-05-31,USD,4711000000,5309000000,598000000,42000000,1885000000,1800000000,984000000,2826000000,,-41000000.0,,41000000,,82000000,,84000000,1930000000,357000000,,1573000000,1574000000,1971000000,1573000000,30007000000,11023000000,7660000000,8065000000,,1612000000,19917000000,1969000000,,14669000000,1866000000,12803000000,405000000,,405000000,1346000000,1462000000,15164000000,9474000000,357000000,11376000000,1498000000,1565000000,1563000000,465000000.0,4127000000,1498000000.0,,4127000000,1994000000,446000000,14843000000,32612000000,35227000000,0,449000000,2024-07-04,5.33,2024-01-01,5573.099,2023-01-01,4.11633838374488
2024-07-06,1,-0.8099583983421326,0,0.0,2024-07-05,570.91,580.55,568.92,578.34,2808635,0,0.0,,160.719,2024-05-01,643433.0,2024-05-01,314.069,2024-06-01,4.1,256435962000,2055000000,52.1,1.759,33.06,,,11.1,45.06,0.249,0.355,0.156,0.342,20429001000,15441000000,11.1,0.238,0.102,566.43,52.1,26.39,10.65,13.74,10.52,29.33,1.297,638.25,433.97,491.81,543.61,443400000,2024-05-31,USD,4711000000,5309000000,598000000,42000000,1885000000,1800000000,984000000,2826000000,,-41000000.0,,41000000,,82000000,,84000000,1930000000,357000000,,1573000000,1574000000,1971000000,1573000000,30007000000,11023000000,7660000000,8065000000,,1612000000,19917000000,1969000000,,14669000000,1866000000,12803000000,405000000,,405000000,1346000000,1462000000,15164000000,9474000000,357000000,11376000000,1498000000,1565000000,1563000000,465000000.0,4127000000,1498000000.0,,4127000000,1994000000,446000000,14843000000,32612000000,35227000000,0,449000000,2024-07-04,5.33,2024-01-01,5573.099,2023-01-01,4.11633838374488
2024-07-07,2,0.0,0,0.0,2024-07-05,570.91,580.55,568.92,578.34,2808635,0,0.0,,160.448,2024-05-01,643433.0,2024-05-01,314.069,2024-06-01,4.1,256435962000,2055000000,52.1,1.759,33.06,,,11.1,45.06,0.249,0.355,0.156,0.342,20429001000,15441000000,11.1,0.238,0.102,611.37,52.1,26.39,10.65,13.74,10.52,29.33,1.297,638.25,433.97,491.81,543.61,443400000,2024-05-31,USD,4711000000,5309000000,598000000,42000000,1885000000,1800000000,984000000,2826000000,,-41000000.0,,41000000,,82000000,,84000000,1930000000,357000000,,1573000000,1574000000,1971000000,1573000000,30007000000,11023000000,7660000000,8065000000,,1612000000,19917000000,1969000000,,14669000000,1866000000,12803000000,405000000,,405000000,1346000000,1462000000,15164000000,9474000000,357000000,11376000000,1498000000,1565000000,1563000000,465000000.0,4127000000,1498000000.0,,4127000000,1994000000,446000000,14843000000,32612000000,35227000000,0,449000000,2024-07-04,5.33,2024-01-01,5573.099,2023-01-01,4.11633838374488
2024-07-08,2,-0.2499384731054306,0,0.0,2024-07-08,573.18,576.745,563.92,575.4,2829223,3,0.267296,,161.036,2024-05-01,643433.0,2024-05-01,314.069,2024-06-01,4.1,256435962000,2055000000,52.1,1.759,33.06,,,11.1,45.06,0.249,0.355,0.156,0.342,20429001000,15441000000,11.1,0.238,0.102,563.19,52.1,26.39,10.65,13.74,10.52,29.33,1.297,638.25,433.97,491.81,543.61,443400000,2024-05-31,USD,4711000000,5309000000,598000000,42000000,1885000000,1800000000,984000000,2826000000,,-41000000.0,,41000000,,82000000,,84000000,1930000000,357000000,,1573000000,1574000000,1971000000,1573000000,30007000000,11023000000,7660000000,8065000000,,1612000000,19917000000,1969000000,,14669000000,1866000000,12803000000,405000000,,405000000,1346000000,1462000000,15164000000,9474000000,357000000,11376000000,1498000000,1565000000,1563000000,465000000.0,4127000000,1498000000.0,,4127000000,1994000000,446000000,14843000000,32612000000,35227000000,0,449000000,2024-07-05,5.33,2024-01-01,5573.099,2023-01-01,4.11633838374488
2024-07-09,14,-0.0351506492921284,0,0.0,2024-07-09,573.05,575.01,562.46,566.02,2169020,1,0.198619,,161.508,2024-05-01,643433.0,2024-05-01,314.069,2024-06-01,4.1,255132369000,2055000000,51.79,1.759,33.06,,,11.11,45.06,0.249,0.355,0.156,0.342,20429001000,15441000000,11.11,0.238,0.102,611.37,51.79,26.39,10.65,13.74,10.52,29.33,1.297,638.25,433.97,493.78,543.78,443400000,2024-05-31,USD,4711000000,5309000000,598000000,42000000,1885000000,1800000000,984000000,2826000000,,-41000000.0,,41000000,,82000000,,84000000,1930000000,357000000,,1573000000,1574000000,1971000000,1573000000,30007000000,11023000000,7660000000,8065000000,,1612000000,19917000000,1969000000,,14669000000,1866000000,12803000000,405000000,,405000000,1346000000,1462000000,15164000000,9474000000,357000000,11376000000,1498000000,1565000000,1563000000,465000000.0,4127000000,1498000000.0,,4127000000,1994000000,446000000,14843000000,32612000000,35227000000,0,449000000,2024-07-08,5.33,2024-01-01,5573.099,2023-01-01,4.11633838374488
2024-07-10,9,0.0645623372660742,0,0.0,2024-07-10,564.71,566.93,558.21,564.55,2364866,0,0.0,,161.553,2024-05-01,643433.0,2024-05-01,314.069,2024-06-01,4.1,250973274000,2055000000,51.04,1.759,33.06,,,11.09,45.06,0.249,0.355,0.156,0.342,20429001000,15441000000,11.09,0.238,0.102,611.37,51.04,26.39,10.65,13.74,10.52,29.33,1.297,638.25,433.97,495.63,543.93,443400000,2024-05-31,USD,4711000000,5309000000,598000000,42000000,1885000000,1800000000,984000000,2826000000,,-41000000.0,,41000000,,82000000,,84000000,1930000000,357000000,,1573000000,1574000000,1971000000,1573000000,30007000000,11023000000,7660000000,8065000000,,1612000000,19917000000,1969000000,,14669000000,1866000000,12803000000,405000000,,405000000,1346000000,1462000000,15164000000,9474000000,357000000,11376000000,1498000000,1565000000,1563000000,465000000.0,4127000000,1498000000.0,,4127000000,1994000000,446000000,14843000000,32612000000,35227000000,0,449000000,2024-07-09,5.33,2024-01-01,5573.099,2023-01-01,4.11633838374488
2024-07-11,9,0.0645623372660742,0,0.0,2024-07-11,564.71,566.93,558.21,564.55,2364866,0,0.0,,161.553,2024-05-01,643433.0,2024-05-01,314.069,2024-06-01,4.1,250973274000,2055000000,51.04,1.759,33.06,,,11.09,45.06,0.249,0.355,0.156,0.342,20429001000,15441000000,11.09,0.238,0.102,611.37,51.04,26.39,10.65,13.74,10.52,29.33,1.297,638.25,433.97,495.63,543.93,443400000,2024-05-31,USD,4711000000,5309000000,598000000,42000000,1885000000,1800000000,984000000,2826000000,,-41000000.0,,41000000,,82000000,,84000000,1930000000,357000000,,1573000000,1574000000,1971000000,1573000000,30007000000,11023000000,7660000000,8065000000,,1612000000,19917000000,1969000000,,14669000000,1866000000,12803000000,405000000,,405000000,1346000000,1462000000,15164000000,9474000000,357000000,11376000000,1498000000,1565000000,1563000000,465000000.0,4127000000,1498000000.0,,4127000000,1994000000,446000000,14843000000,32612000000,35227000000,0,449000000,2024-07-09,5.33,2024-01-01,5573.099,2023-01-01,4.11633838374488
2024-07-12,0,0.0,0,0.0,2024-07-12,555.1,562.49,552.315,559.05,2007848,3,0.2336883333333333,,157.848,2024-05-01,643433.0,2024-06-01,314.175,2024-06-01,4.1,247882760000,2055000000,50.36,1.759,33.06,,,11.1,45.06,0.249,0.355,0.156,0.342,20429001000,15441000000,11.1,0.238,0.102,611.37,50.36,26.39,10.65,13.74,10.52,29.33,1.297,638.25,433.97,499.06,544.41,443400000,2024-05-31,USD,4711000000,5309000000,598000000,42000000,1885000000,1800000000,984000000,2826000000,,-41000000.0,,41000000,,82000000,,84000000,1930000000,357000000,,1573000000,1574000000,1971000000,1573000000,30007000000,11023000000,7660000000,8065000000,,1612000000,19917000000,1969000000,,14669000000,1866000000,12803000000,405000000,,405000000,1346000000,1462000000,15164000000,9474000000,357000000,11376000000,1498000000,1565000000,1563000000,465000000.0,4127000000,1498000000.0,,4127000000,1994000000,446000000,14843000000,32612000000,35227000000,0,449000000,2024-07-11,5.33,2024-01-01,5573.099,2023-01-01,4.11633838374488
2024-07-13,3,0.0,0,0.0,2024-07-12,555.1,562.49,552.315,559.05,2013985,0,0.0,,157.848,2024-05-01,643433.0,2024-06-01,314.175,2024-06-01,4.1,247882760000,2055000000,50.23,1.759,33.06,,,11.13,45.06,0.249,0.355,0.156,0.342,20429001000,15441000000,11.13,0.238,0.102,611.37,50.23,26.39,10.65,13.74,10.52,29.33,1.297,638.25,433.97,500.98,544.64,443400000,2024-05-31,USD,4711000000,5309000000,598000000,42000000,1885000000,1800000000,984000000,2826000000,,-41000000.0,,41000000,,82000000,,84000000,1930000000,357000000,,1573000000,1574000000,1971000000,1573000000,30007000000,11023000000,7660000000,8065000000,,1612000000,19917000000,1969000000,,14669000000,1866000000,12803000000,405000000,,405000000,1346000000,1462000000,15164000000,9474000000,357000000,11376000000,1498000000,1565000000,1563000000,465000000.0,4127000000,1498000000.0,,4127000000,1994000000,446000000,14843000000,32612000000,35227000000,0,449000000,2024-07-11,5.33,2024-01-01,5573.099,2023-01-01,4.11633838374488
2024-07-14,1,0.0,0,0.0,2024-07-12,555.1,562.49,552.315,559.05,2013985,0,0.0,,158.062,2024-05-01,643433.0,2024-06-01,314.175,2024-06-01,4.1,247882760000,2055000000,50.23,1.759,33.06,,,11.13,45.06,0.249,0.355,0.156,0.342,20429001000,15441000000,11.13,0.238,0.102,562.29,50.23,26.39,10.65,13.74,10.52,29.33,1.297,638.25,433.97,500.98,544.64,443400000,2024-05-31,USD,4711000000,5309000000,598000000,42000000,1885000000,1800000000,984000000,2826000000,,-41000000.0,,41000000,,82000000,,84000000,1930000000,357000000,,1573000000,1574000000,1971000000,1573000000,30007000000,11023000000,7660000000,8065000000,,1612000000,19917000000,1969000000,,14669000000,1866000000,12803000000,405000000,,405000000,1346000000,1462000000,15164000000,9474000000,357000000,11376000000,1498000000,1565000000,1563000000,465000000.0,4127000000,1498000000.0,,4127000000,1994000000,446000000,14843000000,32612000000,35227000000,0,449000000,2024-07-11,5.33,2024-01-01,5573.099,2023-01-01,4.11633838374488
2024-07-15,1,0.0,0,0.0,2024-07-15,560.23,568.23,560.23,565.71,1884442,1,0.254846,,158.548,2024-05-01,643433.0,2024-06-01,314.175,2024-06-01,4.1,247882760000,2055000000,50.23,1.759,33.06,,,11.13,45.06,0.249,0.355,0.156,0.342,20429001000,15441000000,11.13,0.238,0.102,559.77,50.23,26.39,10.65,13.74,10.52,29.33,1.297,638.25,433.97,500.98,544.64,443400000,2024-05-31,USD,4711000000,5309000000,598000000,42000000,1885000000,1800000000,984000000,2826000000,,-41000000.0,,41000000,,82000000,,84000000,1930000000,357000000,,1573000000,1574000000,1971000000,1573000000,30007000000,11023000000,7660000000,8065000000,,1612000000,19917000000,1969000000,,14669000000,1866000000,12803000000,405000000,,405000000,1346000000,1462000000,15164000000,9474000000,357000000,11376000000,1498000000,1565000000,1563000000,465000000.0,4127000000,1498000000.0,,4127000000,1994000000,446000000,14843000000,32612000000,35227000000,0,449000000,2024-07-12,5.33,2024-01-01,5573.099,2023-01-01,4.11633838374488
2024-07-16,3,0.0,0,0.0,2024-07-16,564.6,570.1,562.08,566.54,1537529,2,0.2681825,,158.432,2024-06-01,606051.0,2024-06-01,314.175,2024-06-01,4.1,250835829000,2055000000,50.83,1.759,33.06,,,11.13,45.06,0.249,0.355,0.156,0.342,20429001000,15441000000,11.13,0.238,0.102,609.4,50.83,26.39,10.65,13.74,10.52,29.33,1.297,638.25,433.97,500.98,544.64,443400000,2024-05-31,USD,4711000000,5309000000,598000000,42000000,1885000000,1800000000,984000000,2826000000,,-41000000.0,,41000000,,82000000,,84000000,1930000000,357000000,,1573000000,1574000000,1971000000,1573000000,30007000000,11023000000,7660000000,8065000000,,1612000000,19917000000,1969000000,,14669000000,1866000000,12803000000,405000000,,405000000,1346000000,1462000000,15164000000,9474000000,357000000,11376000000,1498000000,1565000000,1563000000,465000000.0,4127000000,1498000000.0,,4127000000,1994000000,446000000,14843000000,32612000000,35227000000,0,449000000,2024-07-15,5.33,2024-01-01,5573.099,2023-01-01,4.11633838374488
2024-07-17,2,0.0,0,0.0,2024-07-17,563.93,565.0,556.46,563.09,2313978,1,0.109454,,156.36,2024-06-01,606051.0,2024-06-01,314.175,2024-06-01,4.1,251203830000,2055000000,51.04,1.759,33.06,,,11.1,45.06,0.249,0.355,0.156,0.342,20429001000,15441000000,11.1,0.238,0.102,609.4,51.04,26.39,10.65,13.74,10.52,29.33,1.297,638.25,433.97,504.71,545.26,443400000,2024-05-31,USD,4711000000,5309000000,598000000,42000000,1885000000,1800000000,984000000,2826000000,,-41000000.0,,41000000,,82000000,,84000000,1930000000,357000000,,1573000000,1574000000,1971000000,1573000000,30007000000,11023000000,7660000000,8065000000,,1612000000,19917000000,1969000000,,14669000000,1866000000,12803000000,405000000,,405000000,1346000000,1462000000,15164000000,9474000000,357000000,11376000000,1498000000,1565000000,1563000000,465000000.0,4127000000,1498000000.0,,4127000000,1994000000,446000000,14843000000,32612000000,35227000000,0,449000000,2024-07-16,5.33,2024-01-01,5573.099,2023-01-01,4.11633838374488
2024-07-18,94,0.1643298410851022,0,0.0,2024-07-18,564.18,564.26,556.07,556.85,2184657,3,0.2520713333333333,,157.419,2024-06-01,606051.0,2024-06-01,314.175,2024-06-01,4.1,246907273000,2055000000,49.99,1.759,33.06,,,11.14,45.06,0.249,0.355,0.156,0.342,20429001000,15441000000,11.14,0.238,0.102,609.4,49.99,26.39,10.65,13.74,10.52,29.33,1.297,638.25,433.97,507.51,545.79,443400000,2024-05-31,USD,4711000000,5309000000,598000000,42000000,1885000000,1800000000,984000000,2826000000,,-41000000.0,,41000000,,82000000,,84000000,1930000000,357000000,,1573000000,1574000000,1971000000,1573000000,30007000000,11023000000,7660000000,8065000000,,1612000000,19917000000,1969000000,,14669000000,1866000000,12803000000,405000000,,405000000,1346000000,1462000000,15164000000,9474000000,357000000,11376000000,1498000000,1565000000,1563000000,465000000.0,4127000000,1498000000.0,,4127000000,1994000000,446000000,14843000000,32612000000,35227000000,0,449000000,2024-07-17,5.33,2024-01-01,5573.099,2023-01-01,4.11633838374488
2024-07-19,5,0.1913681209087371,0,0.0,2024-07-19,557.05,561.09,548.96,551.0,2595126,3,0.2553523333333333,,157.44,2024-06-01,606051.0,2024-06-01,314.175,2024-06-01,4.1,246907273000,2055000000,49.99,1.759,33.06,,,11.14,45.06,0.249,0.355,0.156,0.342,20429001000,15441000000,11.14,0.238,0.102,609.4,49.99,26.39,10.65,13.74,10.52,29.33,1.297,638.25,433.97,507.51,545.79,443400000,2024-05-31,USD,4711000000,5309000000,598000000,42000000,1885000000,1800000000,984000000,2826000000,,-41000000.0,,41000000,,82000000,,84000000,1930000000,357000000,,1573000000,1574000000,1971000000,1573000000,30007000000,11023000000,7660000000,8065000000,,1612000000,19917000000,1969000000,,14669000000,1866000000,12803000000,405000000,,405000000,1346000000,1462000000,15164000000,9474000000,357000000,11376000000,1498000000,1565000000,1563000000,465000000.0,4127000000,1498000000.0,,4127000000,1994000000,446000000,14843000000,32612000000,35227000000,0,449000000,2024-07-18,5.33,2024-01-01,5573.099,2023-01-01,4.11633838374488
2024-07-20,4,0.1220927461981773,0,0.0,2024-07-19,557.05,561.09,548.96,551.0,2601942,1,0.322898,,157.44,2024-06-01,606051.0,2024-06-01,314.175,2024-06-01,4.1,244313407000,2055000000,49.51,1.759,33.06,,,11.13,45.06,0.249,0.355,0.156,0.342,20429001000,15441000000,11.13,0.238,0.102,609.4,49.51,26.39,10.65,13.74,10.52,29.33,1.297,638.25,433.97,508.69,545.94,443400000,2024-05-31,USD,4711000000,5309000000,598000000,42000000,1885000000,1800000000,984000000,2826000000,,-41000000.0,,41000000,,82000000,,84000000,1930000000,357000000,,1573000000,1574000000,1971000000,1573000000,30007000000,11023000000,7660000000,8065000000,,1612000000,19917000000,1969000000,,14669000000,1866000000,12803000000,405000000,,405000000,1346000000,1462000000,15164000000,9474000000,357000000,11376000000,1498000000,1565000000,1563000000,465000000.0,4127000000,1498000000.0,,4127000000,1994000000,446000000,14843000000,32612000000,35227000000,0,449000000,2024-07-18,5.33,2024-01-01,5573.099,2023-01-01,4.11633838374488
2024-07-21,0,0.0,0,0.0,2024-07-19,557.05,561.09,548.96,551.0,2601942,1,0.225556,,157.582,2024-06-01,606051.0,2024-06-01,314.175,2024-06-01,4.1,244313407000,2055000000,49.51,1.759,33.06,,,11.13,45.06,0.249,0.355,0.156,0.342,20429001000,15441000000,11.13,0.238,0.102,609.4,49.51,26.39,10.65,13.74,10.52,29.33,1.297,638.25,433.97,510.98,547.15,443400000,2024-05-31,USD,4711000000,5309000000,598000000,42000000,1885000000,1800000000,984000000,2826000000,,-41000000.0,,41000000,,82000000,,84000000,1930000000,357000000,,1573000000,1574000000,1971000000,1573000000,30007000000,11023000000,7660000000,8065000000,,1612000000,19917000000,1969000000,,14669000000,1866000000,12803000000,405000000,,405000000,1346000000,1462000000,15164000000,9474000000,357000000,11376000000,1498000000,1565000000,1563000000,465000000.0,4127000000,1498000000.0,,4127000000,1994000000,446000000,14843000000,32612000000,35227000000,0,449000000,2024-07-18,5.33,2024-01-01,5573.099,2023-01-01,4.11633838374488
2024-07-22,2,0.1742880195379257,0,0.0,2024-07-22,558.65,560.19,552.7074,554.82,2367864,1,0.204051,,156.685,2024-06-01,606051.0,2024-06-01,314.175,2024-06-01,4.1,244313407000,2055000000,49.51,1.759,33.06,,,11.13,45.06,0.249,0.355,0.156,0.342,20429001000,15441000000,11.13,0.238,0.102,609.4,49.51,26.39,10.65,13.74,10.52,29.33,1.297,638.25,433.97,508.69,545.94,443400000,2024-05-31,USD,4711000000,5309000000,598000000,42000000,1885000000,1800000000,984000000,2826000000,,-41000000.0,,41000000,,82000000,,84000000,1930000000,357000000,,1573000000,1574000000,1971000000,1573000000,30007000000,11023000000,7660000000,8065000000,,1612000000,19917000000,1969000000,,14669000000,1866000000,12803000000,405000000,,405000000,1346000000,1462000000,15164000000,9474000000,357000000,11376000000,1498000000,1565000000,1563000000,465000000.0,4127000000,1498000000.0,,4127000000,1994000000,446000000,14843000000,32612000000,35227000000,0,449000000,2024-07-19,5.33,2024-01-01,5573.099,2023-01-01,4.11633838374488
2024-07-23,2,0.0,0,0.0,2024-07-23,556.49,557.249,544.44,546.01,2357162,2,0.26336,,155.374,2024-06-01,606051.0,2024-06-01,314.175,2024-06-01,4.1,246007185000,2055000000,49.98,1.759,33.06,,,11.1,45.06,0.249,0.355,0.156,0.342,20429001000,15441000000,11.1,0.238,0.102,612.82,49.98,26.39,10.65,13.74,10.52,29.33,1.297,638.25,433.97,512.42,547.17,443400000,2024-05-31,USD,4711000000,5309000000,598000000,42000000,1885000000,1800000000,984000000,2826000000,,-41000000.0,,41000000,,82000000,,84000000,1930000000,357000000,,1573000000,1574000000,1971000000,1573000000,30007000000,11023000000,7660000000,8065000000,,1612000000,19917000000,1969000000,,14669000000,1866000000,12803000000,405000000,,405000000,1346000000,1462000000,15164000000,9474000000,357000000,11376000000,1498000000,1565000000,1563000000,465000000.0,4127000000,1498000000.0,,4127000000,1994000000,446000000,14843000000,32612000000,35227000000,0,449000000,2024-07-22,5.33,2024-01-01,5573.099,2023-01-01,4.11633838374488
2024-07-24,6,0.1666406939427057,0,0.0,2024-07-24,543.8,544.71,530.35,531.04,2627139,1,0.248508,,152.792,2024-06-01,606051.0,2024-06-01,314.175,2024-06-01,4.1,242100830000,2055000000,49.28,1.759,33.06,,,11.08,45.06,0.249,0.355,0.156,0.342,20429001000,15441000000,11.08,0.238,0.102,612.82,49.28,26.39,10.65,13.74,10.52,29.33,1.297,638.25,433.97,511.29,546.31,443400000,2024-05-31,USD,4711000000,5309000000,598000000,42000000,1885000000,1800000000,984000000,2826000000,,-41000000.0,,41000000,,82000000,,84000000,1930000000,357000000,,1573000000,1574000000,1971000000,1573000000,30007000000,11023000000,7660000000,8065000000,,1612000000,19917000000,1969000000,,14669000000,1866000000,12803000000,405000000,,405000000,1346000000,1462000000,15164000000,9474000000,357000000,11376000000,1498000000,1565000000,1563000000,465000000.0,4127000000,1498000000.0,,4127000000,1994000000,446000000,14843000000,32612000000,35227000000,0,449000000,2024-07-23,5.33,2024-01-01,5573.099,2023-01-01,4.11633838374488
2024-07-25,9,-0.056432157754898,0,0.0,2024-07-25,536.8,542.28,527.59,532.15,2133873,3,0.2380103333333333,,153.658,2024-06-01,606051.0,2024-06-01,314.175,2024-06-01,4.1,235463131000,2055000000,47.84,1.759,33.06,,,11.1,45.06,0.249,0.355,0.156,0.342,20429001000,15441000000,11.1,0.238,0.102,612.82,47.84,26.39,10.65,13.74,10.52,29.33,1.297,638.25,433.97,512.26,546.39,443400000,2024-05-31,USD,4711000000,5309000000,598000000,42000000,1885000000,1800000000,984000000,2826000000,,-41000000.0,,41000000,,82000000,,84000000,1930000000,357000000,,1573000000,1574000000,1971000000,1573000000,30007000000,11023000000,7660000000,8065000000,,1612000000,19917000000,1969000000,,14669000000,1866000000,12803000000,405000000,,405000000,1346000000,1462000000,15164000000,9474000000,357000000,11376000000,1498000000,1565000000,1563000000,465000000.0,4127000000,1498000000.0,,4127000000,1994000000,446000000,14843000000,32612000000,35227000000,0,449000000,2024-07-24,5.33,2024-04-01,5737.189,2023-01-01,4.11633838374488
2024-07-26,5,0.299259340763092,0,0.0,2024-07-26,535.35,545.4999,533.33,542.44,2088045,2,0.185732,,153.718,2024-06-01,606051.0,2024-06-01,314.175,2024-06-01,4.1,235955323000,2055000000,47.86,1.759,33.06,,,11.12,45.06,0.249,0.355,0.156,0.342,20429001000,15441000000,11.12,0.238,0.102,612.82,47.86,26.39,10.65,13.74,10.52,29.33,1.297,638.25,433.97,513.24,546.41,443400000,2024-05-31,USD,4711000000,5309000000,598000000,42000000,1885000000,1800000000,984000000,2826000000,,-41000000.0,,41000000,,82000000,,84000000,1930000000,357000000,,1573000000,1574000000,1971000000,1573000000,30007000000,11023000000,7660000000,8065000000,,1612000000,19917000000,1969000000,,14669000000,1866000000,12803000000,405000000,,405000000,1346000000,1462000000,15164000000,9474000000,357000000,11376000000,1498000000,1565000000,1563000000,465000000.0,4127000000,1498000000.0,,4127000000,1994000000,446000000,14843000000,32612000000,35227000000,0,449000000,2024-07-25,5.33,2024-04-01,5737.189,2023-01-01,4.11633838374488
2024-07-27,4,0.0,0,0.0,2024-07-26,535.35,545.4999,533.33,542.44,2090007,0,0.0,,153.718,2024-06-01,606051.0,2024-06-01,314.175,2024-06-01,4.1,240517890000,2055000000,48.78,1.759,33.06,,,11.12,45.06,0.249,0.355,0.156,0.342,20429001000,15441000000,11.12,0.238,0.102,612.82,48.78,26.39,10.65,13.74,10.52,29.33,1.297,638.25,433.97,514.57,546.48,443400000,2024-05-31,USD,4711000000,5309000000,598000000,42000000,1885000000,1800000000,984000000,2826000000,,-41000000.0,,41000000,,82000000,,84000000,1930000000,357000000,,1573000000,1574000000,1971000000,1573000000,30007000000,11023000000,7660000000,8065000000,,1612000000,19917000000,1969000000,,14669000000,1866000000,12803000000,405000000,,405000000,1346000000,1462000000,15164000000,9474000000,357000000,11376000000,1498000000,1565000000,1563000000,465000000.0,4127000000,1498000000.0,,4127000000,1994000000,446000000,14843000000,32612000000,35227000000,0,449000000,2024-07-25,5.33,2024-04-01,5737.189,2023-01-01,4.11633838374488
2024-07-28,2,0.2499999403953552,0,0.0,2024-07-26,535.35,545.4999,533.33,542.44,2090007,1,0.098321,,153.444,2024-06-01,606051.0,2024-06-01,314.175,2024-06-01,4.1,240517890000,2055000000,48.78,1.759,33.06,,,11.12,45.06,0.249,0.355,0.156,0.342,20429001000,15441000000,11.12,0.238,0.102,563.55,48.78,26.39,10.65,13.74,10.52,29.33,1.297,638.25,433.97,514.57,546.48,443400000,2024-05-31,USD,4711000000,5309000000,598000000,42000000,1885000000,1800000000,984000000,2826000000,,-41000000.0,,41000000,,82000000,,84000000,1930000000,357000000,,1573000000,1574000000,1971000000,1573000000,30007000000,11023000000,7660000000,8065000000,,1612000000,19917000000,1969000000,,14669000000,1866000000,12803000000,405000000,,405000000,1346000000,1462000000,15164000000,9474000000,357000000,11376000000,1498000000,1565000000,1563000000,465000000.0,4127000000,1498000000.0,,4127000000,1994000000,446000000,14843000000,32612000000,35227000000,0,449000000,2024-07-25,5.33,2024-04-01,5737.189,2023-01-01,4.11633838374488
2024-07-29,3,0.0,0,0.0,2024-07-29,544.3,544.3,535.19,536.61,1589013,1,0.351629,,154.047,2024-06-01,606051.0,2024-06-01,314.175,2024-06-01,4.1,240517890000,2055000000,48.78,1.759,33.06,,,11.12,45.06,0.249,0.355,0.156,0.342,20429001000,15441000000,11.12,0.238,0.102,612.82,48.78,26.39,10.65,13.74,10.52,29.33,1.297,638.25,433.97,514.57,546.48,443400000,2024-05-31,USD,4711000000,5309000000,598000000,42000000,1885000000,1800000000,984000000,2826000000,,-41000000.0,,41000000,,82000000,,84000000,1930000000,357000000,,1573000000,1574000000,1971000000,1573000000,30007000000,11023000000,7660000000,8065000000,,1612000000,19917000000,1969000000,,14669000000,1866000000,12803000000,405000000,,405000000,1346000000,1462000000,15164000000,9474000000,357000000,11376000000,1498000000,1565000000,1563000000,465000000.0,4127000000,1498000000.0,,4127000000,1994000000,446000000,14843000000,32612000000,35227000000,0,449000000,2024-07-26,5.33,2024-04-01,5737.189,2023-01-01,4.11633838374488
2024-07-30,3,0.1184524695078532,0,0.0,2024-07-30,541.85,543.67,530.9501,538.71,1558136,1,0.228476,,152.357,2024-06-01,606051.0,2024-06-01,314.175,2024-06-01,4.1,237932872000,2055000000,48.3,1.759,33.06,,,11.11,45.06,0.249,0.355,0.156,0.342,20429001000,15441000000,11.11,0.238,0.102,612.82,48.3,26.39,10.65,13.74,10.52,29.33,1.297,638.25,433.97,515.6,546.5,443400000,2024-05-31,USD,4711000000,5309000000,598000000,42000000,1885000000,1800000000,984000000,2826000000,,-41000000.0,,41000000,,82000000,,84000000,1930000000,357000000,,1573000000,1574000000,1971000000,1573000000,30007000000,11023000000,7660000000,8065000000,,1612000000,19917000000,1969000000,,14669000000,1866000000,12803000000,405000000,,405000000,1346000000,1462000000,15164000000,9474000000,357000000,11376000000,1498000000,1565000000,1563000000,465000000.0,4127000000,1498000000.0,,4127000000,1994000000,446000000,14843000000,32612000000,35227000000,0,449000000,2024-07-29,5.33,2024-04-01,5737.189,2023-01-01,4.11633838374488
2024-07-31,9,0.0555360582139757,0,0.0,2024-07-31,547.05,555.55,543.77,551.65,2741055,1,0.180132,,149.283,2024-06-01,606051.0,2024-06-01,314.175,2024-06-01,4.1,238864024000,2055000000,48.53,1.759,33.06,,,11.1,45.06,0.249,0.355,0.156,0.342,20429001000,15441000000,11.1,0.238,0.102,612.82,48.53,26.39,10.65,13.74,10.52,29.33,1.297,638.25,433.97,516.72,546.44,443400000,2024-05-31,USD,4711000000,5309000000,598000000,42000000,1885000000,1800000000,984000000,2826000000,,-41000000.0,,41000000,,82000000,,84000000,1930000000,357000000,,1573000000,1574000000,1971000000,1573000000,30007000000,11023000000,7660000000,8065000000,,1612000000,19917000000,1969000000,,14669000000,1866000000,12803000000,405000000,,405000000,1346000000,1462000000,15164000000,9474000000,357000000,11376000000,1498000000,1565000000,1563000000,465000000.0,4127000000,1498000000.0,,4127000000,1994000000,446000000,14843000000,32612000000,35227000000,0,449000000,2024-07-30,5.33,2024-04-01,5737.189,2023-01-01,4.11633838374488
2024-08-01,6,0.2451025644938151,0,0.0,2024-08-01,549.99,561.98,540.24,546.41,2039055,1,0.181926,,149.557,2024-06-01,606051.0,2024-06-01,314.175,2024-06-01,4.1,244601618000,2055000000,49.7,1.759,33.06,,,11.1,45.06,0.249,0.355,0.156,0.342,20429001000,15441000000,11.1,0.238,0.102,612.82,49.7,26.39,10.65,13.74,10.52,29.33,1.297,638.25,433.97,518.08,546.4,443400000,2024-05-31,USD,4711000000,5309000000,598000000,42000000,1885000000,1800000000,984000000,2826000000,,-41000000.0,,41000000,,82000000,,84000000,1930000000,357000000,,1573000000,1574000000,1971000000,1573000000,30007000000,11023000000,7660000000,8065000000,,1612000000,19917000000,1969000000,,14669000000,1866000000,12803000000,405000000,,405000000,1346000000,1462000000,15164000000,9474000000,357000000,11376000000,1498000000,1565000000,1563000000,465000000.0,4127000000,1498000000.0,,4127000000,1994000000,446000000,14843000000,32612000000,35227000000,0,449000000,2024-07-31,5.33,2024-04-01,5737.189,2023-01-01,4.11633838374488
2024-08-02,3,0.3328651289145152,0,0.0,2024-08-02,535.78,536.84,519.68,526.17,2663341,0,0.0,,146.519,2024-06-01,606051.0,2024-06-01,314.175,2024-07-01,4.3,242278187000,2055000000,49.27,1.759,33.06,,,11.09,45.06,0.249,0.355,0.156,0.342,20429001000,15441000000,11.09,0.238,0.102,611.3,49.27,26.39,10.65,13.74,10.52,29.33,1.297,638.25,433.97,519.32,546.39,443400000,2024-05-31,USD,4711000000,5309000000,598000000,42000000,1885000000,1800000000,984000000,2826000000,,-41000000.0,,41000000,,82000000,,84000000,1930000000,357000000,,1573000000,1574000000,1971000000,1573000000,30007000000,11023000000,7660000000,8065000000,,1612000000,19917000000,1969000000,,14669000000,1866000000,12803000000,405000000,,405000000,1346000000,1462000000,15164000000,9474000000,357000000,11376000000,1498000000,1565000000,1563000000,465000000.0,4127000000,1498000000.0,,4127000000,1994000000,446000000,14843000000,32612000000,35227000000,0,449000000,2024-08-01,5.33,2024-04-01,5737.189,2023-01-01,4.11633838374488
2024-08-03,4,0.0,0,0.0,2024-08-02,535.78,536.84,519.68,526.17,2729113,1,0.425734,,146.519,2024-06-01,606051.0,2024-06-01,314.175,2024-07-01,4.3,242278187000,2055000000,49.27,1.938,33.06,,,11.09,45.06,0.249,0.355,0.156,0.342,20429001000,15441000000,11.09,0.238,0.102,611.3,49.27,26.6,11.42,16.32,11.76,32.31,1.297,638.25,433.97,519.32,546.39,443400000,2024-05-31,USD,4711000000,5309000000,598000000,42000000,1885000000,1800000000,984000000,2826000000,,-41000000.0,,41000000,,82000000,,84000000,1930000000,357000000,,1573000000,1574000000,1971000000,1573000000,30007000000,11023000000,7660000000,8065000000,,1612000000,19917000000,1969000000,,14669000000,1866000000,12803000000,405000000,,405000000,1346000000,1462000000,15164000000,9474000000,357000000,11376000000,1498000000,1565000000,1563000000,465000000.0,4127000000,1498000000.0,,4127000000,1994000000,446000000,14843000000,32612000000,35227000000,0,449000000,2024-08-01,5.33,2024-04-01,5737.189,2023-01-01,4.11633838374488
2024-08-04,0,0.0,0,0.0,2024-08-02,535.78,536.84,519.68,526.17,2729113,0,0.0,,145.074,2024-06-01,606051.0,2024-06-01,314.175,2024-07-01,4.3,233303769000,2055000000,47.4,1.783,33.06,,,11.1,45.06,0.249,0.355,0.156,0.342,20429001000,15441000000,11.1,0.238,0.102,611.3,47.4,25.58,11.42,15.72,11.33,31.11,1.297,638.25,433.97,520.2,546.27,443400000,2024-05-31,USD,4711000000,5309000000,598000000,42000000,1885000000,1800000000,984000000,2826000000,,-41000000.0,,41000000,,82000000,,84000000,1930000000,357000000,,1573000000,1574000000,1971000000,1573000000,30007000000,11023000000,7660000000,8065000000,,1612000000,19917000000,1969000000,,14669000000,1866000000,12803000000,405000000,,405000000,1346000000,1462000000,15164000000,9474000000,357000000,11376000000,1498000000,1565000000,1563000000,465000000.0,4127000000,1498000000.0,,4127000000,1994000000,446000000,14843000000,32612000000,35227000000,0,449000000,2024-08-01,5.33,2024-04-01,5737.189,2023-01-01,4.11633838374488
2024-08-05,3,0.0,0,0.0,2024-08-05,504.23,515.9,500.0,509.32,3426921,0,0.0,,144.743,2024-06-01,606051.0,2024-06-01,314.175,2024-07-01,4.3,233303769000,2055000000,47.4,1.783,33.06,,,11.1,45.06,0.249,0.355,0.156,0.342,20429001000,15441000000,11.1,0.238,0.102,611.3,47.4,25.58,11.42,15.72,11.33,31.11,1.297,638.25,433.97,520.2,546.27,443400000,2024-05-31,USD,4711000000,5309000000,598000000,42000000,1885000000,1800000000,984000000,2826000000,,-41000000.0,,41000000,,82000000,,84000000,1930000000,357000000,,1573000000,1574000000,1971000000,1573000000,30007000000,11023000000,7660000000,8065000000,,1612000000,19917000000,1969000000,,14669000000,1866000000,12803000000,405000000,,405000000,1346000000,1462000000,15164000000,9474000000,357000000,11376000000,1498000000,1565000000,1563000000,465000000.0,4127000000,1498000000.0,,4127000000,1994000000,446000000,14843000000,32612000000,35227000000,0,449000000,2024-08-02,5.33,2024-04-01,5737.189,2023-01-01,4.11633838374488
2024-08-06,5,0.1999128520488739,0,0.0,2024-08-06,513.69,519.16,509.01,514.2,2068941,2,0.2306095,,146.835,2024-06-01,606051.0,2024-06-01,314.175,2024-07-01,4.3,225832485000,2055000000,45.88,1.783,33.06,,,11.1,45.06,0.249,0.355,0.156,0.342,20429001000,15441000000,11.1,0.238,0.102,611.3,45.88,25.58,11.05,15.72,11.33,31.11,1.298,638.25,433.97,520.71,546.01,443400000,2024-05-31,USD,4711000000,5309000000,598000000,42000000,1885000000,1800000000,984000000,2826000000,,-41000000.0,,41000000,,82000000,,84000000,1930000000,357000000,,1573000000,1574000000,1971000000,1573000000,30007000000,11023000000,7660000000,8065000000,,1612000000,19917000000,1969000000,,14669000000,1866000000,12803000000,405000000,,405000000,1346000000,1462000000,15164000000,9474000000,357000000,11376000000,1498000000,1565000000,1563000000,465000000.0,4127000000,1498000000.0,,4127000000,1994000000,446000000,14843000000,32612000000,35227000000,0,449000000,2024-08-05,5.33,2024-04-01,5737.189,2023-01-01,4.11633838374488
2024-08-07,5,0.0,0,0.0,2024-08-07,520.95,531.005,512.86,513.62,1609756,2,0.1468235,,146.436,2024-06-01,606051.0,2024-06-01,314.175,2024-07-01,4.3,225832485000,2055000000,45.88,1.783,33.06,,,11.1,45.06,0.249,0.355,0.156,0.342,20429001000,15441000000,11.1,0.238,0.102,611.3,45.88,25.58,11.05,15.72,11.33,31.11,1.298,638.25,433.97,520.71,546.01,443400000,2024-05-31,USD,4711000000,5309000000,598000000,42000000,1885000000,1800000000,984000000,2826000000,,-41000000.0,,41000000,,82000000,,84000000,1930000000,357000000,,1573000000,1574000000,1971000000,1573000000,30007000000,11023000000,7660000000,8065000000,,1612000000,19917000000,1969000000,,14669000000,1866000000,12803000000,405000000,,405000000,1346000000,1462000000,15164000000,9474000000,357000000,11376000000,1498000000,1565000000,1563000000,465000000.0,4127000000,1498000000.0,,4127000000,1994000000,446000000,14843000000,32612000000,35227000000,0,449000000,2024-08-06,5.33,2024-04-01,5737.189,2023-01-01,4.11633838374488
2024-08-08,4,0.0,0,0.0,2024-08-08,520.59,531.07,519.56,530.24,2120770,0,0.0,,147.117,2024-06-01,606051.0,2024-06-01,314.175,2024-07-01,4.3,227739107000,2055000000,46.23,1.74,33.06,,,11.11,45.06,0.249,0.355,0.156,0.342,20429001000,15441000000,11.11,0.238,0.102,559.48,46.23,25.0,11.15,15.34,11.05,30.35,1.298,638.25,433.97,522.09,545.59,443400000,2024-05-31,USD,4711000000,5309000000,598000000,42000000,1885000000,1800000000,984000000,2826000000,,-41000000.0,,41000000,,82000000,,84000000,1930000000,357000000,,1573000000,1574000000,1971000000,1573000000,30007000000,11023000000,7660000000,8065000000,,1612000000,19917000000,1969000000,,14669000000,1866000000,12803000000,405000000,,405000000,1346000000,1462000000,15164000000,9474000000,357000000,11376000000,1498000000,1565000000,1563000000,465000000.0,4127000000,1498000000.0,,4127000000,1994000000,446000000,14843000000,32612000000,35227000000,0,449000000,2024-08-07,5.33,2024-04-01,5737.189,2023-01-01,4.11633838374488
2024-08-09,2,0.0,0,0.0,2024-08-09,528.02,537.28,528.02,536.3,1269063,3,0.2462076666666666,,146.634,2024-06-01,606051.0,2024-06-01,314.175,2024-07-01,4.3,235108418000,2055000000,47.81,1.799,33.06,,,11.09,45.06,0.249,0.355,0.156,0.342,20429001000,15441000000,11.09,0.238,0.102,611.3,47.81,25.84,11.51,15.86,11.43,31.39,1.298,638.25,433.97,523.13,545.53,443400000,2024-05-31,USD,4711000000,5309000000,598000000,42000000,1885000000,1800000000,984000000,2826000000,,-41000000.0,,41000000,,82000000,,84000000,1930000000,357000000,,1573000000,1574000000,1971000000,1573000000,30007000000,11023000000,7660000000,8065000000,,1612000000,19917000000,1969000000,,14669000000,1866000000,12803000000,405000000,,405000000,1346000000,1462000000,15164000000,9474000000,357000000,11376000000,1498000000,1565000000,1563000000,465000000.0,4127000000,1498000000.0,,4127000000,1994000000,446000000,14843000000,32612000000,35227000000,0,449000000,2024-08-08,5.33,2024-04-01,5737.189,2023-01-01,4.11633838374488
2024-08-10,3,0.0013388991355895,1,0.4999991059303283,2024-08-09,528.02,537.28,528.02,536.3,1272635,0,0.0,,146.634,2024-06-01,606051.0,2024-06-01,314.175,2024-07-01,4.3,237795410000,2055000000,48.32,1.817,33.06,,,11.1,45.06,0.249,0.355,0.156,0.342,20429001000,15441000000,11.1,0.238,0.102,611.3,48.32,26.11,11.64,16.02,11.54,31.7,1.298,638.25,433.97,524.3,545.51,443400000,2024-05-31,USD,4711000000,5309000000,598000000,42000000,1885000000,1800000000,984000000,2826000000,,-41000000.0,,41000000,,82000000,,84000000,1930000000,357000000,,1573000000,1574000000,1971000000,1573000000,30007000000,11023000000,7660000000,8065000000,,1612000000,19917000000,1969000000,,14669000000,1866000000,12803000000,405000000,,405000000,1346000000,1462000000,15164000000,9474000000,357000000,11376000000,1498000000,1565000000,1563000000,465000000.0,4127000000,1498000000.0,,4127000000,1994000000,446000000,14843000000,32612000000,35227000000,0,449000000,2024-08-08,5.33,2024-04-01,5737.189,2023-01-01,4.11633838374488
2024-08-11,0,0.0,0,0.0,2024-08-09,528.02,537.28,528.02,536.3,1272635,0,0.0,,146.945,2024-06-01,606051.0,2024-06-01,314.175,2024-07-01,4.3,237795410000,2055000000,48.32,1.817,33.06,,,11.1,45.06,0.249,0.355,0.156,0.342,20429001000,15441000000,11.1,0.238,0.102,611.3,48.32,26.11,11.64,16.02,11.54,31.7,1.298,638.25,433.97,524.3,545.51,443400000,2024-05-31,USD,4711000000,5309000000,598000000,42000000,1885000000,1800000000,984000000,2826000000,,-41000000.0,,41000000,,82000000,,84000000,1930000000,357000000,,1573000000,1574000000,1971000000,1573000000,30007000000,11023000000,7660000000,8065000000,,1612000000,19917000000,1969000000,,14669000000,1866000000,12803000000,405000000,,405000000,1346000000,1462000000,15164000000,9474000000,357000000,11376000000,1498000000,1565000000,1563000000,465000000.0,4127000000,1498000000.0,,4127000000,1994000000,446000000,14843000000,32612000000,35227000000,0,449000000,2024-08-08,5.33,2024-04-01,5737.189,2023-01-01,4.11633838374488
2024-08-12,2,0.0,0,0.0,2024-08-12,536.04,538.08,525.77,530.93,1447050,2,0.285693,,147.262,2024-06-01,606051.0,2024-06-01,314.175,2024-07-01,4.3,237795410000,2055000000,48.32,1.817,33.06,,,11.1,45.06,0.249,0.355,0.156,0.342,20429001000,15441000000,11.1,0.238,0.102,611.3,48.32,26.11,11.64,16.02,11.54,31.7,1.298,638.25,433.97,524.3,545.51,443400000,2024-05-31,USD,4711000000,5309000000,598000000,42000000,1885000000,1800000000,984000000,2826000000,,-41000000.0,,41000000,,82000000,,84000000,1930000000,357000000,,1573000000,1574000000,1971000000,1573000000,30007000000,11023000000,7660000000,8065000000,,1612000000,19917000000,1969000000,,14669000000,1866000000,12803000000,405000000,,405000000,1346000000,1462000000,15164000000,9474000000,357000000,11376000000,1498000000,1565000000,1563000000,465000000.0,4127000000,1498000000.0,,4127000000,1994000000,446000000,14843000000,32612000000,35227000000,0,449000000,2024-08-09,5.33,2024-04-01,5737.189,2023-01-01,4.11633838374488
2024-08-13,3,0.1249254643917083,0,0.0,2024-08-13,530.93,537.72,527.9,535.22,3062195,2,0.2150535,,146.635,2024-06-01,606051.0,2024-06-01,314.175,2024-07-01,4.3,237795574000,2055000000,48.31,1.817,33.06,,,10.99,45.06,0.249,0.355,0.156,0.342,20429001000,15441000000,10.99,0.238,0.102,597.27,48.31,26.11,11.64,16.02,11.54,31.7,1.298,638.25,433.97,526.0,545.47,443400000,2024-05-31,USD,4711000000,5309000000,598000000,42000000,1885000000,1800000000,984000000,2826000000,,-41000000.0,,41000000,,82000000,,84000000,1930000000,357000000,,1573000000,1574000000,1971000000,1573000000,30007000000,11023000000,7660000000,8065000000,,1612000000,19917000000,1969000000,,14669000000,1866000000,12803000000,405000000,,405000000,1346000000,1462000000,15164000000,9474000000,357000000,11376000000,1498000000,1565000000,1563000000,465000000.0,4127000000,1498000000.0,,4127000000,1994000000,446000000,14843000000,32612000000,35227000000,0,449000000,2024-08-12,5.33,2024-04-01,5737.189,2023-01-01,4.11633838374488
2024-08-14,13,-0.0027492390229151,0,0.0,2024-08-14,536.62,542.9205,533.2,539.79,1907215,4,0.22868075,,147.509,2024-06-01,606051.0,2024-07-01,314.54,2024-07-01,4.3,237316538000,2055000000,48.09,1.799,33.06,,,11.13,45.06,0.249,0.355,0.156,0.342,20429001000,15441000000,11.13,0.238,0.102,611.3,48.09,25.84,11.62,15.86,11.43,31.38,1.298,638.25,433.97,527.81,545.54,443400000,2024-05-31,USD,4711000000,5309000000,598000000,42000000,1885000000,1800000000,984000000,2826000000,,-41000000.0,,41000000,,82000000,,84000000,1930000000,357000000,,1573000000,1574000000,1971000000,1573000000,30007000000,11023000000,7660000000,8065000000,,1612000000,19917000000,1969000000,,14669000000,1866000000,12803000000,405000000,,405000000,1346000000,1462000000,15164000000,9474000000,357000000,11376000000,1498000000,1565000000,1563000000,465000000.0,4127000000,1498000000.0,,4127000000,1994000000,446000000,14843000000,32612000000,35227000000,0,449000000,2024-08-13,5.33,2024-04-01,5737.189,2023-01-01,4.11633838374488
2024-08-15,2,-0.4997226744890213,0,0.0,2024-08-15,545.19,557.22,545.01,554.16,2176850,0,0.0,,148.885,2024-07-01,627510.0,2024-07-01,314.54,2024-07-01,4.3,239342879000,2055000000,48.54,1.829,33.06,,,11.12,45.06,0.249,0.355,0.156,0.342,20429001000,15441000000,11.12,0.238,0.102,611.3,48.54,26.25,11.72,16.12,11.62,31.91,1.298,638.25,433.97,529.83,545.67,443400000,2024-05-31,USD,4711000000,5309000000,598000000,42000000,1885000000,1800000000,984000000,2826000000,,-41000000.0,,41000000,,82000000,,84000000,1930000000,357000000,,1573000000,1574000000,1971000000,1573000000,30007000000,11023000000,7660000000,8065000000,,1612000000,19917000000,1969000000,,14669000000,1866000000,12803000000,405000000,,405000000,1346000000,1462000000,15164000000,9474000000,357000000,11376000000,1498000000,1565000000,1563000000,465000000.0,4127000000,1498000000.0,,4127000000,1994000000,446000000,14843000000,32612000000,35227000000,0,449000000,2024-08-14,5.33,2024-04-01,5737.189,2023-01-01,4.11633838374488
2024-08-16,1,0.0,0,0.0,2024-08-16,552.35,554.76,547.8,553.46,1540094,4,0.14018,,147.579,2024-07-01,627510.0,2024-07-01,314.54,2024-07-01,4.3,245714534000,2055000000,50.01,1.829,33.06,,,11.08,45.06,0.249,0.355,0.156,0.342,20429001000,15441000000,11.08,0.238,0.102,611.3,50.01,26.25,12.03,16.12,11.62,31.91,1.298,638.25,433.97,529.83,545.67,443400000,2024-05-31,USD,4711000000,5309000000,598000000,42000000,1885000000,1800000000,984000000,2826000000,,-41000000.0,,41000000,,82000000,,84000000,1930000000,357000000,,1573000000,1574000000,1971000000,1573000000,30007000000,11023000000,7660000000,8065000000,,1612000000,19917000000,1969000000,,14669000000,1866000000,12803000000,405000000,,405000000,1346000000,1462000000,15164000000,9474000000,357000000,11376000000,1498000000,1565000000,1563000000,465000000.0,4127000000,1498000000.0,,4127000000,1994000000,446000000,14843000000,32612000000,35227000000,0,449000000,2024-08-15,5.33,2024-04-01,5737.189,2023-01-01,4.11633838374488
2024-08-17,2,0.25,0,0.0,2024-08-16,552.35,554.76,547.8,553.46,1541726,1,0.349811,,147.579,2024-07-01,627510.0,2024-07-01,314.54,2024-07-01,4.3,245714665000,2055000000,49.77,1.796,33.06,,,11.12,45.06,0.249,0.355,0.156,0.342,20429001000,15441000000,11.12,0.238,0.102,611.3,49.77,26.95,12.03,16.53,11.92,32.73,1.298,638.25,433.97,533.9,546.03,443400000,2024-05-31,USD,4711000000,5309000000,598000000,42000000,1885000000,1800000000,984000000,2826000000,,-41000000.0,,41000000,,82000000,,84000000,1930000000,357000000,,1573000000,1574000000,1971000000,1573000000,30007000000,11023000000,7660000000,8065000000,,1612000000,19917000000,1969000000,,14669000000,1866000000,12803000000,405000000,,405000000,1346000000,1462000000,15164000000,9474000000,357000000,11376000000,1498000000,1565000000,1563000000,465000000.0,4127000000,1498000000.0,,4127000000,1994000000,446000000,14843000000,32612000000,35227000000,0,449000000,2024-08-15,5.33,2024-04-01,5737.189,2023-01-01,4.11633838374488
2024-08-18,0,0.0,0,0.0,2024-08-16,552.35,554.76,547.8,553.46,1541726,1,0.223929,,147.473,2024-07-01,627510.0,2024-07-01,314.54,2024-07-01,4.3,245404172000,2055000000,49.77,1.796,33.06,,,11.12,45.06,0.249,0.355,0.156,0.342,20429001000,15441000000,11.12,0.238,0.102,611.3,49.77,26.95,12.01,16.53,11.92,32.73,1.298,638.25,433.97,533.9,546.03,443400000,2024-05-31,USD,4711000000,5309000000,598000000,42000000,1885000000,1800000000,984000000,2826000000,,-41000000.0,,41000000,,82000000,,84000000,1930000000,357000000,,1573000000,1574000000,1971000000,1573000000,30007000000,11023000000,7660000000,8065000000,,1612000000,19917000000,1969000000,,14669000000,1866000000,12803000000,405000000,,405000000,1346000000,1462000000,15164000000,9474000000,357000000,11376000000,1498000000,1565000000,1563000000,465000000.0,4127000000,1498000000.0,,4127000000,1994000000,446000000,14843000000,32612000000,35227000000,0,449000000,2024-08-15,5.33,2024-04-01,5737.189,2023-01-01,4.11633838374488
2024-08-19,5,-0.0999688982963562,0,0.0,2024-08-19,550.59,563.77,550.59,563.12,1418732,4,0.222902,,146.537,2024-07-01,627510.0,2024-07-01,314.54,2024-07-01,4.3,245404172000,2055000000,49.77,1.796,33.06,,,11.12,45.06,0.249,0.355,0.156,0.342,20429001000,15441000000,11.12,0.238,0.102,611.3,49.77,26.95,12.01,16.53,11.92,32.73,1.298,638.25,433.97,533.9,546.03,443400000,2024-05-31,USD,4711000000,5309000000,598000000,42000000,1885000000,1800000000,984000000,2826000000,,-41000000.0,,41000000,,82000000,,84000000,1930000000,357000000,,1573000000,1574000000,1971000000,1573000000,30007000000,11023000000,7660000000,8065000000,,1612000000,19917000000,1969000000,,14669000000,1866000000,12803000000,405000000,,405000000,1346000000,1462000000,15164000000,9474000000,357000000,11376000000,1498000000,1565000000,1563000000,465000000.0,4127000000,1498000000.0,,4127000000,1994000000,446000000,14843000000,32612000000,35227000000,0,449000000,2024-08-16,5.33,2024-04-01,5737.189,2023-01-01,4.11633838374488
2024-08-20,5,-0.0985237658023834,0,0.0,2024-08-20,564.48,568.18,559.61,562.25,1217007,2,0.2427125,,145.409,2024-07-01,627510.0,2024-07-01,314.54,2024-07-01,4.3,249687409000,2055000000,50.78,1.796,33.06,,,11.09,45.06,0.249,0.355,0.156,0.342,20429001000,15441000000,11.09,0.238,0.102,611.3,50.78,26.95,12.22,16.53,11.92,32.73,1.298,638.25,433.97,536.0,546.18,443400000,2024-05-31,USD,4711000000,5309000000,598000000,42000000,1885000000,1800000000,984000000,2826000000,,-41000000.0,,41000000,,82000000,,84000000,1930000000,357000000,,1573000000,1574000000,1971000000,1573000000,30007000000,11023000000,7660000000,8065000000,,1612000000,19917000000,1969000000,,14669000000,1866000000,12803000000,405000000,,405000000,1346000000,1462000000,15164000000,9474000000,357000000,11376000000,1498000000,1565000000,1563000000,465000000.0,4127000000,1498000000.0,,4127000000,1994000000,446000000,14843000000,32612000000,35227000000,0,449000000,2024-08-19,5.33,2024-04-01,5737.189,2023-01-01,4.11633838374488
2024-08-21,2,0.0,0,0.0,2024-08-21,562.13,566.6,557.91,565.79,1400398,1,0.166069,,145.572,2024-07-01,627510.0,2024-07-01,314.54,2024-07-01,4.3,249301647000,2055000000,50.52,1.824,33.06,,,11.13,45.06,0.249,0.355,0.156,0.342,20429001000,15441000000,11.13,0.238,0.102,611.3,50.52,27.4,12.2,16.8,12.11,33.25,1.298,638.25,433.97,537.93,546.27,443400000,2024-05-31,USD,4711000000,5309000000,598000000,42000000,1885000000,1800000000,984000000,2826000000,,-41000000.0,,41000000,,82000000,,84000000,1930000000,357000000,,1573000000,1574000000,1971000000,1573000000,30007000000,11023000000,7660000000,8065000000,,1612000000,19917000000,1969000000,,14669000000,1866000000,12803000000,405000000,,405000000,1346000000,1462000000,15164000000,9474000000,357000000,11376000000,1498000000,1565000000,1563000000,465000000.0,4127000000,1498000000.0,,4127000000,1994000000,446000000,14843000000,32612000000,35227000000,0,449000000,2024-08-20,5.33,2024-04-01,5737.189,2023-01-01,4.11633838374488
2024-08-22,6,0.1931430796782175,0,0.0,2024-08-22,567.07,572.0,555.65,557.44,1624155,4,0.2068735,,145.466,2024-07-01,627510.0,2024-07-01,314.54,2024-07-01,4.3,250871284000,2055000000,51.02,1.835,33.06,,,11.09,45.06,0.249,0.355,0.156,0.342,20429001000,15441000000,11.09,0.238,0.102,549.34,51.02,27.55,12.28,16.9,12.18,33.46,1.298,638.25,433.97,540.05,546.31,443400000,2024-05-31,USD,4711000000,5309000000,598000000,42000000,1885000000,1800000000,984000000,2826000000,,-41000000.0,,41000000,,82000000,,84000000,1930000000,357000000,,1573000000,1574000000,1971000000,1573000000,30007000000,11023000000,7660000000,8065000000,,1612000000,19917000000,1969000000,,14669000000,1866000000,12803000000,405000000,,405000000,1346000000,1462000000,15164000000,9474000000,357000000,11376000000,1498000000,1565000000,1563000000,465000000.0,4127000000,1498000000.0,,4127000000,1994000000,446000000,14843000000,32612000000,35227000000,0,449000000,2024-08-21,5.33,2024-04-01,5737.189,2023-01-01,4.11633838374488
2024-08-23,8,0.0681529482205708,0,0.0,2024-08-23,565.45,566.52,552.5,558.3,2020892,3,0.2262146666666666,,144.367,2024-07-01,627510.0,2024-07-01,314.54,2024-07-01,4.3,247168893000,2055000000,50.27,1.808,33.06,,,11.09,45.06,0.249,0.355,0.156,0.342,20429001000,15441000000,11.09,0.238,0.102,611.3,50.27,27.1,12.1,16.65,12.0,32.97,1.298,638.25,433.97,541.94,546.28,443400000,2024-05-31,USD,4711000000,5309000000,598000000,42000000,1885000000,1800000000,984000000,2826000000,,-41000000.0,,41000000,,82000000,,84000000,1930000000,357000000,,1573000000,1574000000,1971000000,1573000000,30007000000,11023000000,7660000000,8065000000,,1612000000,19917000000,1969000000,,14669000000,1866000000,12803000000,405000000,,405000000,1346000000,1462000000,15164000000,9474000000,357000000,11376000000,1498000000,1565000000,1563000000,465000000.0,4127000000,1498000000.0,,4127000000,1994000000,446000000,14843000000,32612000000,35227000000,0,449000000,2024-08-22,5.33,2024-04-01,5737.189,2023-01-01,4.11633838374488
2024-08-24,1,0.0,0,0.0,2024-08-23,565.45,566.52,552.5,558.3,2023465,0,0.0,,144.367,2024-07-01,627510.0,2024-07-01,314.54,2024-07-01,4.3,247550214000,2055000000,50.25,1.811,33.06,,,11.11,45.06,0.249,0.355,0.156,0.342,20429001000,15441000000,11.11,0.238,0.102,611.3,50.25,27.17,12.12,16.68,12.02,33.02,1.298,638.25,433.97,543.91,546.24,443400000,2024-05-31,USD,4711000000,5309000000,598000000,42000000,1885000000,1800000000,984000000,2826000000,,-41000000.0,,41000000,,82000000,,84000000,1930000000,357000000,,1573000000,1574000000,1971000000,1573000000,30007000000,11023000000,7660000000,8065000000,,1612000000,19917000000,1969000000,,14669000000,1866000000,12803000000,405000000,,405000000,1346000000,1462000000,15164000000,9474000000,357000000,11376000000,1498000000,1565000000,1563000000,465000000.0,4127000000,1498000000.0,,4127000000,1994000000,446000000,14843000000,32612000000,35227000000,0,449000000,2024-08-22,5.33,2024-04-01,5737.189,2023-01-01,4.11633838374488
2024-08-25,3,0.15194514393806458,0,0.0,2024-08-23,565.4500,566.5200,552.5000,558.3000,2023465,1,0.351746,,143.70800000,2024-07-01,627510.0,2024-07-01,314.540,2024-07-01,4.3,247550214000,2055000000,50.25,1.811,33.06,None,None,11.11,45.06,0.249,0.355,0.156,0.342,20429001000,15441000000,11.11,0.238,0.102,611.3,50.25,27.17,12.12,16.68,12.02,33.02,1.298,638.25,433.97,543.91,546.24,443400000,2024-05-31,USD,4711000000,5309000000,598000000,42000000,1885000000,1800000000,984000000,2826000000,None,-41000000,None,41000000,None,82000000,None,84000000,1930000000,357000000,None,1573000000,1574000000,1971000000,1573000000,30007000000,11023000000,7660000000,8065000000,None,1612000000,19917000000,1969000000,None,14669000000,1866000000,12803000000,405000000,None,405000000,1346000000,1462000000,15164000000,9474000000,357000000,11376000000,1498000000,1565000000,1563000000,465000000,4127000000,1498000000,None,4127000000,1994000000,446000000,14843000000,32612000000,35227000000,0,449000000,2024-08-22,5.33,2024-04-01,5737.189,2023-01-01,4.11633838374488
